datetime,median_heat_kW
2021-01-01 00:00:00,46.30957458496094
2021-01-01 01:00:00,52.099901000976566
2021-01-01 02:00:00,51.86745849609375
2021-01-01 03:00:00,51.491565551757816
2021-01-01 04:00:00,50.679004272460936
2021-01-01 05:00:00,49.28396459960938
2021-01-01 06:00:00,44.74452722167969
2021-01-01 07:00:00,40.73202380371094
2021-01-01 08:00:00,37.91075384521484
2021-01-01 09:00:00,42.99065612792968
2021-01-01 10:00:00,39.76087234497071
2021-01-01 11:00:00,35.92586511230469
2021-01-01 12:00:00,27.681623596191407
2021-01-01 13:00:00,29.057204620361325
2021-01-01 14:00:00,33.034959106445314
2021-01-01 15:00:00,38.589402709960936
2021-01-01 16:00:00,34.786572204589845
2021-01-01 17:00:00,35.29033367919922
2021-01-01 18:00:00,32.95314135742187
2021-01-01 19:00:00,33.10524841308594
2021-01-01 20:00:00,32.98743865966797
2021-01-01 21:00:00,34.41275895690918
2021-01-01 22:00:00,37.619670593261716
2021-01-01 23:00:00,39.411547790527344
2021-01-02 00:00:00,38.17970568847656
2021-01-02 01:00:00,40.66619854736328
2021-01-02 02:00:00,40.73588244628906
2021-01-02 03:00:00,42.699950195312496
2021-01-02 04:00:00,40.16299206542969
2021-01-02 05:00:00,39.10415014648437
2021-01-02 06:00:00,36.09597607421875
2021-01-02 07:00:00,35.18100659179687
2021-01-02 08:00:00,35.545114929199215
2021-01-02 09:00:00,31.44220703125
2021-01-02 10:00:00,25.578312805175784
2021-01-02 11:00:00,23.33328839111328
2021-01-02 12:00:00,20.944364990234376
2021-01-02 13:00:00,19.566322723388673
2021-01-02 14:00:00,18.2771640625
2021-01-02 15:00:00,17.428286132812502
2021-01-02 16:00:00,20.343249755859375
2021-01-02 17:00:00,23.61605909729004
2021-01-02 18:00:00,24.529132263183595
2021-01-02 19:00:00,26.19805780029297
2021-01-02 20:00:00,26.697780975341797
2021-01-02 21:00:00,30.22808236694336
2021-01-02 22:00:00,31.04086309814453
2021-01-02 23:00:00,30.814130004882813
2021-01-03 00:00:00,38.25882385253907
2021-01-03 01:00:00,36.35240942382813
2021-01-03 02:00:00,36.33234185791016
2021-01-03 03:00:00,36.42569055175781
2021-01-03 04:00:00,38.35076641845703
2021-01-03 05:00:00,37.92574816894531
2021-01-03 06:00:00,39.70612475585938
2021-01-03 07:00:00,34.687989440917974
2021-01-03 08:00:00,38.55071527099609
2021-01-03 09:00:00,36.63760479736328
2021-01-03 10:00:00,31.642384887695314
2021-01-03 11:00:00,25.065335205078124
2021-01-03 12:00:00,23.15785870361328
2021-01-03 13:00:00,22.516664276123045
2021-01-03 14:00:00,21.739155456542967
2021-01-03 15:00:00,21.083279205322263
2021-01-03 16:00:00,23.847285095214843
2021-01-03 17:00:00,27.15619258117676
2021-01-03 18:00:00,29.457873291015623
2021-01-03 19:00:00,32.1377973022461
2021-01-03 20:00:00,35.04851428222656
2021-01-03 21:00:00,38.069728942871095
2021-01-03 22:00:00,38.906701843261715
2021-01-03 23:00:00,38.861014892578126
2021-01-04 00:00:00,38.3703125
2021-01-04 01:00:00,38.66006774902344
2021-01-04 02:00:00,39.428147460937495
2021-01-04 03:00:00,39.318987060546874
2021-01-04 04:00:00,40.982718261718745
2021-01-04 05:00:00,40.833265869140625
2021-01-04 06:00:00,37.885044921875
2021-01-04 07:00:00,37.29549609375
2021-01-04 08:00:00,35.95959826660156
2021-01-04 09:00:00,34.616390991210935
2021-01-04 10:00:00,34.784357421875
2021-01-04 11:00:00,31.30784130859375
2021-01-04 12:00:00,29.46752294921875
2021-01-04 13:00:00,30.667880920410155
2021-01-04 14:00:00,32.43799426269531
2021-01-04 15:00:00,30.954503784179686
2021-01-04 16:00:00,31.059593353271485
2021-01-04 17:00:00,32.91206280517578
2021-01-04 18:00:00,32.72195520019531
2021-01-04 19:00:00,35.03122290039063
2021-01-04 20:00:00,36.78136608886719
2021-01-04 21:00:00,37.06600036621094
2021-01-04 22:00:00,36.815994812011716
2021-01-04 23:00:00,37.865787109375
2021-01-05 00:00:00,36.854916381835935
2021-01-05 01:00:00,37.23726733398438
2021-01-05 02:00:00,37.14595581054688
2021-01-05 03:00:00,33.758434692382814
2021-01-05 04:00:00,31.094567810058592
2021-01-05 05:00:00,31.114219177246092
2021-01-05 06:00:00,27.747739379882812
2021-01-05 07:00:00,26.57487530517578
2021-01-05 08:00:00,27.021734573364256
2021-01-05 09:00:00,23.825166320800783
2021-01-05 10:00:00,20.063862433433535
2021-01-05 11:00:00,15.872783725738525
2021-01-05 12:00:00,13.76428589630127
2021-01-05 13:00:00,13.824838195800782
2021-01-05 14:00:00,13.951611297607421
2021-01-05 15:00:00,13.955861206054688
2021-01-05 16:00:00,15.983913795471192
2021-01-05 17:00:00,16.11648949432373
2021-01-05 18:00:00,17.019404357910155
2021-01-05 19:00:00,15.24605224609375
2021-01-05 20:00:00,18.885932342529294
2021-01-05 21:00:00,21.25827392578125
2021-01-05 22:00:00,20.733155059814454
2021-01-05 23:00:00,21.88744549560547
2021-01-06 00:00:00,23.530233642578125
2021-01-06 01:00:00,23.91631039428711
2021-01-06 02:00:00,23.69377069091797
2021-01-06 03:00:00,24.447891967773437
2021-01-06 04:00:00,24.628426879882813
2021-01-06 05:00:00,24.51159796142578
2021-01-06 06:00:00,21.79437170410156
2021-01-06 07:00:00,20.54601870727539
2021-01-06 08:00:00,19.386730407714843
2021-01-06 09:00:00,18.09339761352539
2021-01-06 10:00:00,17.443383392333985
2021-01-06 11:00:00,17.281183387756347
2021-01-06 12:00:00,17.844553497314454
2021-01-06 13:00:00,15.926446624755858
2021-01-06 14:00:00,15.759164108276366
2021-01-06 15:00:00,16.40510205078125
2021-01-06 16:00:00,18.224106658935547
2021-01-06 17:00:00,17.861754348754886
2021-01-06 18:00:00,22.019903869628905
2021-01-06 19:00:00,23.79624069213867
2021-01-06 20:00:00,25.004504028320312
2021-01-06 21:00:00,26.57983935546875
2021-01-06 22:00:00,27.663405151367186
2021-01-06 23:00:00,27.49506329345703
2021-01-07 00:00:00,27.98437707519531
2021-01-07 01:00:00,30.475428283691407
2021-01-07 02:00:00,29.534939331054687
2021-01-07 03:00:00,29.01836135864258
2021-01-07 04:00:00,29.07786999511719
2021-01-07 05:00:00,27.92936572265625
2021-01-07 06:00:00,26.228709869384765
2021-01-07 07:00:00,28.75135565185547
2021-01-07 08:00:00,27.668119262695313
2021-01-07 09:00:00,24.260524444580078
2021-01-07 10:00:00,17.76029507446289
2021-01-07 11:00:00,14.64266734313965
2021-01-07 12:00:00,11.791607795715333
2021-01-07 13:00:00,11.802034717559813
2021-01-07 14:00:00,11.965015823364258
2021-01-07 15:00:00,11.529379150390625
2021-01-07 16:00:00,13.44192839050293
2021-01-07 17:00:00,16.622447814941406
2021-01-07 18:00:00,20.068433685302736
2021-01-07 19:00:00,21.277645690917968
2021-01-07 20:00:00,23.67471221923828
2021-01-07 21:00:00,25.699590881347657
2021-01-07 22:00:00,26.94372393798828
2021-01-07 23:00:00,29.13711346435547
2021-01-08 00:00:00,31.297619201660154
2021-01-08 01:00:00,32.071392578125
2021-01-08 02:00:00,32.3724140625
2021-01-08 03:00:00,28.44839959716797
2021-01-08 04:00:00,24.61232986450195
2021-01-08 05:00:00,25.791577392578127
2021-01-08 06:00:00,21.819289001464846
2021-01-08 07:00:00,21.870619750976562
2021-01-08 08:00:00,20.920265472412108
2021-01-08 09:00:00,18.35408724975586
2021-01-08 10:00:00,17.954318283081054
2021-01-08 11:00:00,16.720782943725588
2021-01-08 12:00:00,16.53905467224121
2021-01-08 13:00:00,17.726065490722654
2021-01-08 14:00:00,19.349850219726562
2021-01-08 15:00:00,19.029422958374024
2021-01-08 16:00:00,19.636514526367186
2021-01-08 17:00:00,19.559421203613283
2021-01-08 18:00:00,19.31472283935547
2021-01-08 19:00:00,20.378633544921875
2021-01-08 20:00:00,23.378210578918456
2021-01-08 21:00:00,25.20790625
2021-01-08 22:00:00,26.3651513671875
2021-01-08 23:00:00,29.024616333007813
2021-01-09 00:00:00,29.9485361328125
2021-01-09 01:00:00,30.169430480957033
2021-01-09 02:00:00,32.12163757324219
2021-01-09 03:00:00,30.455524353027343
2021-01-09 04:00:00,30.652158386230468
2021-01-09 05:00:00,31.6413984375
2021-01-09 06:00:00,29.517959777832033
2021-01-09 07:00:00,31.58796618652344
2021-01-09 08:00:00,30.613024841308594
2021-01-09 09:00:00,28.525267333984374
2021-01-09 10:00:00,26.242802673339845
2021-01-09 11:00:00,25.548028350830077
2021-01-09 12:00:00,26.13308319091797
2021-01-09 13:00:00,26.374750732421873
2021-01-09 14:00:00,24.134018463134765
2021-01-09 15:00:00,23.135241241455077
2021-01-09 16:00:00,26.904227355957033
2021-01-09 17:00:00,28.85245703125
2021-01-09 18:00:00,31.933562622070312
2021-01-09 19:00:00,34.81475982666016
2021-01-09 20:00:00,33.75605987548828
2021-01-09 21:00:00,35.66805322265625
2021-01-09 22:00:00,41.41495043945312
2021-01-09 23:00:00,39.92903204345703
2021-01-10 00:00:00,39.13863824462891
2021-01-10 01:00:00,41.1985542602539
2021-01-10 02:00:00,41.31306774902343
2021-01-10 03:00:00,42.7099951171875
2021-01-10 04:00:00,42.58390338134765
2021-01-10 05:00:00,42.89145849609375
2021-01-10 06:00:00,41.45220190429687
2021-01-10 07:00:00,40.133212768554685
2021-01-10 08:00:00,39.656461669921875
2021-01-10 09:00:00,37.03981072998047
2021-01-10 10:00:00,30.7106328125
2021-01-10 11:00:00,23.46688916015625
2021-01-10 12:00:00,21.896036376953127
2021-01-10 13:00:00,22.764868896484373
2021-01-10 14:00:00,22.210044754028317
2021-01-10 15:00:00,20.590051010131837
2021-01-10 16:00:00,22.35638787841797
2021-01-10 17:00:00,25.130691345214842
2021-01-10 18:00:00,28.41773291015625
2021-01-10 19:00:00,28.51940399169922
2021-01-10 20:00:00,33.01370703125
2021-01-10 21:00:00,34.328912353515626
2021-01-10 22:00:00,36.71235614013672
2021-01-10 23:00:00,36.997130126953124
2021-01-11 00:00:00,38.76596520996094
2021-01-11 01:00:00,39.189441711425786
2021-01-11 02:00:00,39.95048388671875
2021-01-11 03:00:00,39.91417956542969
2021-01-11 04:00:00,40.33463482666015
2021-01-11 05:00:00,40.38653857421875
2021-01-11 06:00:00,39.272894958496096
2021-01-11 07:00:00,39.067167358398436
2021-01-11 08:00:00,37.82176281738281
2021-01-11 09:00:00,34.43522088623047
2021-01-11 10:00:00,31.120024047851565
2021-01-11 11:00:00,28.730130126953124
2021-01-11 12:00:00,29.504346923828123
2021-01-11 13:00:00,29.708685791015625
2021-01-11 14:00:00,30.21072479248047
2021-01-11 15:00:00,32.552959289550785
2021-01-11 16:00:00,34.66173095703125
2021-01-11 17:00:00,35.076046752929685
2021-01-11 18:00:00,34.207908752441405
2021-01-11 19:00:00,34.51746014404297
2021-01-11 20:00:00,35.79933557128906
2021-01-11 21:00:00,35.3679306640625
2021-01-11 22:00:00,36.13968041992187
2021-01-11 23:00:00,37.1354736328125
2021-01-12 00:00:00,38.35870385742187
2021-01-12 01:00:00,40.99776037597656
2021-01-12 02:00:00,41.827595336914065
2021-01-12 03:00:00,41.75429809570312
2021-01-12 04:00:00,42.58403002929687
2021-01-12 05:00:00,43.612645385742184
2021-01-12 06:00:00,41.16578063964843
2021-01-12 07:00:00,40.35487316894532
2021-01-12 08:00:00,39.425957885742186
2021-01-12 09:00:00,35.74294390869141
2021-01-12 10:00:00,31.719919677734374
2021-01-12 11:00:00,25.918082427978515
2021-01-12 12:00:00,24.630638885498048
2021-01-12 13:00:00,23.150082641601564
2021-01-12 14:00:00,22.148044952392578
2021-01-12 15:00:00,19.197644927978516
2021-01-12 16:00:00,20.02478823852539
2021-01-12 17:00:00,24.848406433105467
2021-01-12 18:00:00,27.15750671386719
2021-01-12 19:00:00,29.199140014648435
2021-01-12 20:00:00,32.708998352050784
2021-01-12 21:00:00,35.164159790039065
2021-01-12 22:00:00,36.155692565917974
2021-01-12 23:00:00,37.63742004394531
2021-01-13 00:00:00,39.574397094726564
2021-01-13 01:00:00,41.486858032226564
2021-01-13 02:00:00,41.935453124999995
2021-01-13 03:00:00,42.98893896484375
2021-01-13 04:00:00,42.73847399902344
2021-01-13 05:00:00,42.05791491699219
2021-01-13 06:00:00,38.47910852050781
2021-01-13 07:00:00,37.917552001953126
2021-01-13 08:00:00,35.66278463745117
2021-01-13 09:00:00,32.74004437255859
2021-01-13 10:00:00,32.70751715087891
2021-01-13 11:00:00,30.547671447753906
2021-01-13 12:00:00,28.99581805419922
2021-01-13 13:00:00,29.259868408203126
2021-01-13 14:00:00,28.89586389160156
2021-01-13 15:00:00,29.782484985351562
2021-01-13 16:00:00,30.832964538574217
2021-01-13 17:00:00,30.19550421142578
2021-01-13 18:00:00,31.11266711425781
2021-01-13 19:00:00,30.23318359375
2021-01-13 20:00:00,31.667779174804686
2021-01-13 21:00:00,32.87259310913086
2021-01-13 22:00:00,35.83460241699218
2021-01-13 23:00:00,38.338022827148436
2021-01-14 00:00:00,39.379297973632816
2021-01-14 01:00:00,39.81624157714844
2021-01-14 02:00:00,39.72395324707031
2021-01-14 03:00:00,40.58293139648437
2021-01-14 04:00:00,41.95648352050782
2021-01-14 05:00:00,41.75748986816406
2021-01-14 06:00:00,39.15372326660156
2021-01-14 07:00:00,39.0148388671875
2021-01-14 08:00:00,38.46221374511718
2021-01-14 09:00:00,35.2055205078125
2021-01-14 10:00:00,28.899399963378904
2021-01-14 11:00:00,24.497471405029295
2021-01-14 12:00:00,22.36562254333496
2021-01-14 13:00:00,21.666767333984374
2021-01-14 14:00:00,19.5092520904541
2021-01-14 15:00:00,17.565225925445556
2021-01-14 16:00:00,20.331200775146485
2021-01-14 17:00:00,21.502202209472657
2021-01-14 18:00:00,25.592428955078127
2021-01-14 19:00:00,28.844166442871092
2021-01-14 20:00:00,31.352277954101563
2021-01-14 21:00:00,32.393507629394534
2021-01-14 22:00:00,34.30655419921875
2021-01-14 23:00:00,39.21309631347656
2021-01-15 00:00:00,41.181086914062504
2021-01-15 01:00:00,40.45208764648437
2021-01-15 02:00:00,40.746394653320316
2021-01-15 03:00:00,41.51983483886718
2021-01-15 04:00:00,41.9916123046875
2021-01-15 05:00:00,41.58175
2021-01-15 06:00:00,37.238435791015625
2021-01-15 07:00:00,35.653411499023434
2021-01-15 08:00:00,34.807755859375
2021-01-15 09:00:00,29.31554229736328
2021-01-15 10:00:00,26.09624951171875
2021-01-15 11:00:00,24.077203369140626
2021-01-15 12:00:00,21.395711181640625
2021-01-15 13:00:00,19.82891046142578
2021-01-15 14:00:00,17.97935144042969
2021-01-15 15:00:00,16.136837951660155
2021-01-15 16:00:00,18.551003967285155
2021-01-15 17:00:00,21.478787658691406
2021-01-15 18:00:00,24.663243896484374
2021-01-15 19:00:00,27.800394042968747
2021-01-15 20:00:00,28.72471954345703
2021-01-15 21:00:00,30.64552294921875
2021-01-15 22:00:00,31.81877996826172
2021-01-15 23:00:00,32.88773278808594
2021-01-16 00:00:00,34.204866210937496
2021-01-16 01:00:00,34.557078186035156
2021-01-16 02:00:00,34.84845635986328
2021-01-16 03:00:00,37.13058410644531
2021-01-16 04:00:00,37.45451232910156
2021-01-16 05:00:00,38.18979248046875
2021-01-16 06:00:00,36.885226989746094
2021-01-16 07:00:00,36.72565075683594
2021-01-16 08:00:00,32.5663119506836
2021-01-16 09:00:00,27.387091247558594
2021-01-16 10:00:00,22.217268356323245
2021-01-16 11:00:00,19.329963844299314
2021-01-16 12:00:00,17.307358502388
2021-01-16 13:00:00,16.394177406311037
2021-01-16 14:00:00,14.607441551208495
2021-01-16 15:00:00,14.240188713073731
2021-01-16 16:00:00,16.835581359863284
2021-01-16 17:00:00,21.257453582763674
2021-01-16 18:00:00,25.267879547119144
2021-01-16 19:00:00,26.237415468215943
2021-01-16 20:00:00,29.92714093017578
2021-01-16 21:00:00,33.93316906738281
2021-01-16 22:00:00,35.153143676757814
2021-01-16 23:00:00,38.878439086914064
2021-01-17 00:00:00,40.46542687988281
2021-01-17 01:00:00,42.45851843261718
2021-01-17 02:00:00,40.43548803710937
2021-01-17 03:00:00,40.08272045898437
2021-01-17 04:00:00,43.473535400390624
2021-01-17 05:00:00,41.5759185180664
2021-01-17 06:00:00,39.866348510742185
2021-01-17 07:00:00,38.7681181640625
2021-01-17 08:00:00,38.013115234375
2021-01-17 09:00:00,34.04164813232422
2021-01-17 10:00:00,30.770355895996094
2021-01-17 11:00:00,29.362898071289063
2021-01-17 12:00:00,28.162982849121093
2021-01-17 13:00:00,26.48688348388672
2021-01-17 14:00:00,25.215285247802733
2021-01-17 15:00:00,25.700577392578126
2021-01-17 16:00:00,28.401901306152347
2021-01-17 17:00:00,28.434387634277343
2021-01-17 18:00:00,29.661317138671876
2021-01-17 19:00:00,32.330280273437495
2021-01-17 20:00:00,35.017597900390626
2021-01-17 21:00:00,35.82352355957031
2021-01-17 22:00:00,36.79480041503906
2021-01-17 23:00:00,38.358456665039064
2021-01-18 00:00:00,39.765469238281256
2021-01-18 01:00:00,40.09522900390625
2021-01-18 02:00:00,44.108219848632814
2021-01-18 03:00:00,43.52784265136719
2021-01-18 04:00:00,42.33238134765625
2021-01-18 05:00:00,43.86904272460937
2021-01-18 06:00:00,41.13500427246093
2021-01-18 07:00:00,40.27075329589844
2021-01-18 08:00:00,38.08719140625
2021-01-18 09:00:00,31.80698370361328
2021-01-18 10:00:00,26.755010009765623
2021-01-18 11:00:00,21.37658938598633
2021-01-18 12:00:00,20.600682571411134
2021-01-18 13:00:00,21.126482444763184
2021-01-18 14:00:00,18.27310013771057
2021-01-18 15:00:00,17.188110305786132
2021-01-18 16:00:00,20.673602615356444
2021-01-18 17:00:00,24.06514730834961
2021-01-18 18:00:00,27.093659606933592
2021-01-18 19:00:00,27.341419677734375
2021-01-18 20:00:00,30.62735260009766
2021-01-18 21:00:00,30.89140447998047
2021-01-18 22:00:00,31.92162872314453
2021-01-18 23:00:00,34.73315521240234
2021-01-19 00:00:00,34.04459338378906
2021-01-19 01:00:00,35.422761962890625
2021-01-19 02:00:00,38.7447529296875
2021-01-19 03:00:00,37.25050439453125
2021-01-19 04:00:00,37.58507568359375
2021-01-19 05:00:00,38.39541613769531
2021-01-19 06:00:00,38.10879223632813
2021-01-19 07:00:00,39.340240844726566
2021-01-19 08:00:00,38.50928625488281
2021-01-19 09:00:00,32.70318408203125
2021-01-19 10:00:00,27.20256121826172
2021-01-19 11:00:00,21.551263458251952
2021-01-19 12:00:00,20.110478454589845
2021-01-19 13:00:00,19.560343536376955
2021-01-19 14:00:00,17.529641662597655
2021-01-19 15:00:00,16.075738914489747
2021-01-19 16:00:00,18.210739311218262
2021-01-19 17:00:00,22.20434408569336
2021-01-19 18:00:00,23.46313571166992
2021-01-19 19:00:00,25.117927337646485
2021-01-19 20:00:00,29.86553015136719
2021-01-19 21:00:00,31.983251953125
2021-01-19 22:00:00,36.91428649902343
2021-01-19 23:00:00,36.36387939453125
2021-01-20 00:00:00,39.72027807617188
2021-01-20 01:00:00,41.82397473144531
2021-01-20 02:00:00,41.70583728027344
2021-01-20 03:00:00,43.03768688964844
2021-01-20 04:00:00,43.780760986328126
2021-01-20 05:00:00,44.747899658203124
2021-01-20 06:00:00,40.657843505859375
2021-01-20 07:00:00,40.0666162109375
2021-01-20 08:00:00,36.37366107177735
2021-01-20 09:00:00,29.120114929199218
2021-01-20 10:00:00,24.080521545410157
2021-01-20 11:00:00,21.93202801513672
2021-01-20 12:00:00,18.820728480100634
2021-01-20 13:00:00,18.768755264282227
2021-01-20 14:00:00,19.177590164184572
2021-01-20 15:00:00,20.95443081665039
2021-01-20 16:00:00,22.373517211914063
2021-01-20 17:00:00,22.675216369628906
2021-01-20 18:00:00,24.416733703613282
2021-01-20 19:00:00,26.81089010620117
2021-01-20 20:00:00,29.274181640625002
2021-01-20 21:00:00,31.82648449707031
2021-01-20 22:00:00,33.658055908203124
2021-01-20 23:00:00,35.47087377929687
2021-01-21 00:00:00,35.292620605468755
2021-01-21 01:00:00,35.6067294921875
2021-01-21 02:00:00,36.67040478515625
2021-01-21 03:00:00,36.940434143066405
2021-01-21 04:00:00,37.32802862548828
2021-01-21 05:00:00,38.363479736328124
2021-01-21 06:00:00,35.13790942382812
2021-01-21 07:00:00,33.66903991699219
2021-01-21 08:00:00,31.94718493652344
2021-01-21 09:00:00,27.409891296386718
2021-01-21 10:00:00,23.724625732421877
2021-01-21 11:00:00,19.801873992919923
2021-01-21 12:00:00,15.915484477519989
2021-01-21 13:00:00,15.692170965194702
2021-01-21 14:00:00,15.95392236328125
2021-01-21 15:00:00,15.335379432678224
2021-01-21 16:00:00,17.448076328277587
2021-01-21 17:00:00,21.511960845947264
2021-01-21 18:00:00,25.480830383300784
2021-01-21 19:00:00,27.796081451416015
2021-01-21 20:00:00,30.266789062500003
2021-01-21 21:00:00,32.72471264648438
2021-01-21 22:00:00,35.203534545898435
2021-01-21 23:00:00,37.32997607421875
2021-01-22 00:00:00,39.055857299804686
2021-01-22 01:00:00,38.005296142578125
2021-01-22 02:00:00,39.185529541015626
2021-01-22 03:00:00,41.82240673828125
2021-01-22 04:00:00,41.89502087402344
2021-01-22 05:00:00,41.90481274414063
2021-01-22 06:00:00,40.697531372070316
2021-01-22 07:00:00,39.185515991210934
2021-01-22 08:00:00,38.22968701171875
2021-01-22 09:00:00,31.391039489746092
2021-01-22 10:00:00,23.209887901306153
2021-01-22 11:00:00,21.07821096801758
2021-01-22 12:00:00,19.743012359619144
2021-01-22 13:00:00,19.2637306060791
2021-01-22 14:00:00,18.80950814819336
2021-01-22 15:00:00,21.057198303222656
2021-01-22 16:00:00,25.395075744628905
2021-01-22 17:00:00,25.516044067382815
2021-01-22 18:00:00,26.40537707519531
2021-01-22 19:00:00,30.500307678222658
2021-01-22 20:00:00,33.251428405761715
2021-01-22 21:00:00,36.97997644042969
2021-01-22 22:00:00,40.36568597412109
2021-01-22 23:00:00,41.19054541015625
2021-01-23 00:00:00,41.4291533203125
2021-01-23 01:00:00,43.16680126953125
2021-01-23 02:00:00,43.606318847656254
2021-01-23 03:00:00,44.055034301757814
2021-01-23 04:00:00,44.286890502929694
2021-01-23 05:00:00,43.39563903808594
2021-01-23 06:00:00,42.91934411621094
2021-01-23 07:00:00,38.99792114257812
2021-01-23 08:00:00,35.97052038574219
2021-01-23 09:00:00,31.725903503417967
2021-01-23 10:00:00,25.397763488769534
2021-01-23 11:00:00,23.90243197631836
2021-01-23 12:00:00,22.46752261352539
2021-01-23 13:00:00,20.998815185546874
2021-01-23 14:00:00,19.69291815185547
2021-01-23 15:00:00,18.34472848510742
2021-01-23 16:00:00,20.69333142089844
2021-01-23 17:00:00,25.05569259643555
2021-01-23 18:00:00,27.603439697265628
2021-01-23 19:00:00,29.101772094726563
2021-01-23 20:00:00,32.98841369628906
2021-01-23 21:00:00,36.7635869140625
2021-01-23 22:00:00,40.30658520507812
2021-01-23 23:00:00,41.38749523925782
2021-01-24 00:00:00,43.85989831542969
2021-01-24 01:00:00,44.71923291015625
2021-01-24 02:00:00,45.72106384277344
2021-01-24 03:00:00,45.40876416015625
2021-01-24 04:00:00,45.521703002929684
2021-01-24 05:00:00,46.537511108398434
2021-01-24 06:00:00,43.33662536621094
2021-01-24 07:00:00,42.502124389648436
2021-01-24 08:00:00,40.91494689941406
2021-01-24 09:00:00,35.356560791015625
2021-01-24 10:00:00,29.977310302734374
2021-01-24 11:00:00,27.443406555175784
2021-01-24 12:00:00,24.642818786621092
2021-01-24 13:00:00,22.807704498291017
2021-01-24 14:00:00,20.870393753051758
2021-01-24 15:00:00,19.68071922302246
2021-01-24 16:00:00,21.12387545776367
2021-01-24 17:00:00,22.991547058105468
2021-01-24 18:00:00,26.672992736816408
2021-01-24 19:00:00,31.07037518310547
2021-01-24 20:00:00,32.82455139160156
2021-01-24 21:00:00,33.81429260253906
2021-01-24 22:00:00,38.055056762695315
2021-01-24 23:00:00,41.89283227539063
2021-01-25 00:00:00,43.37969177246094
2021-01-25 01:00:00,42.60345629882812
2021-01-25 02:00:00,43.012832763671874
2021-01-25 03:00:00,44.548629638671876
2021-01-25 04:00:00,43.77010693359375
2021-01-25 05:00:00,45.03936120605469
2021-01-25 06:00:00,42.42634191894531
2021-01-25 07:00:00,41.388326782226564
2021-01-25 08:00:00,39.771819946289064
2021-01-25 09:00:00,33.714947998046874
2021-01-25 10:00:00,29.109909912109373
2021-01-25 11:00:00,23.624126434326172
2021-01-25 12:00:00,23.511127807617186
2021-01-25 13:00:00,24.65363494873047
2021-01-25 14:00:00,25.627838256835936
2021-01-25 15:00:00,25.33255857849121
2021-01-25 16:00:00,25.719512512207032
2021-01-25 17:00:00,27.833480895996093
2021-01-25 18:00:00,29.718924987792967
2021-01-25 19:00:00,29.74903164672852
2021-01-25 20:00:00,30.9987763671875
2021-01-25 21:00:00,32.038569213867184
2021-01-25 22:00:00,33.46826745605469
2021-01-25 23:00:00,35.469245239257816
2021-01-26 00:00:00,36.086565185546874
2021-01-26 01:00:00,36.606517578125
2021-01-26 02:00:00,36.69951318359375
2021-01-26 03:00:00,37.325505249023436
2021-01-26 04:00:00,37.584361083984376
2021-01-26 05:00:00,37.84247619628906
2021-01-26 06:00:00,34.71955285644531
2021-01-26 07:00:00,34.363115478515624
2021-01-26 08:00:00,34.94502429199218
2021-01-26 09:00:00,32.159850982666015
2021-01-26 10:00:00,27.918214111328126
2021-01-26 11:00:00,20.560486572265624
2021-01-26 12:00:00,17.8009072265625
2021-01-26 13:00:00,18.099335212707523
2021-01-26 14:00:00,15.929017333984374
2021-01-26 15:00:00,14.685587951660157
2021-01-26 16:00:00,16.00630824279785
2021-01-26 17:00:00,18.775624649047852
2021-01-26 18:00:00,20.807207946777343
2021-01-26 19:00:00,23.883528808593752
2021-01-26 20:00:00,27.45596676635742
2021-01-26 21:00:00,29.24920950317383
2021-01-26 22:00:00,31.0413701171875
2021-01-26 23:00:00,31.45018865966797
2021-01-27 00:00:00,31.747269470214846
2021-01-27 01:00:00,33.90452044677734
2021-01-27 02:00:00,32.83758728027344
2021-01-27 03:00:00,34.90597766113281
2021-01-27 04:00:00,35.03396002197266
2021-01-27 05:00:00,35.589714721679684
2021-01-27 06:00:00,32.38730474853516
2021-01-27 07:00:00,31.64959454345703
2021-01-27 08:00:00,28.772268127441407
2021-01-27 09:00:00,25.270602661132813
2021-01-27 10:00:00,22.845727783203124
2021-01-27 11:00:00,20.96038986206055
2021-01-27 12:00:00,20.963395111083983
2021-01-27 13:00:00,21.969109466552737
2021-01-27 14:00:00,22.07965432739258
2021-01-27 15:00:00,23.1107685546875
2021-01-27 16:00:00,24.044568084716797
2021-01-27 17:00:00,25.05703265380859
2021-01-27 18:00:00,28.545394714355467
2021-01-27 19:00:00,29.54160595703125
2021-01-27 20:00:00,33.056330932617186
2021-01-27 21:00:00,35.50490313720703
2021-01-27 22:00:00,34.479627990722655
2021-01-27 23:00:00,37.17793200683594
2021-01-28 00:00:00,39.475875610351565
2021-01-28 01:00:00,39.78481469726563
2021-01-28 02:00:00,42.086535766601564
2021-01-28 03:00:00,44.90210852050781
2021-01-28 04:00:00,43.58599829101563
2021-01-28 05:00:00,43.37881481933594
2021-01-28 06:00:00,41.60404040527344
2021-01-28 07:00:00,42.640556640625
2021-01-28 08:00:00,40.90526025390625
2021-01-28 09:00:00,34.8659482421875
2021-01-28 10:00:00,30.66642834472656
2021-01-28 11:00:00,26.951960266113282
2021-01-28 12:00:00,21.220947357177735
2021-01-28 13:00:00,20.12158893966675
2021-01-28 14:00:00,21.117343963623046
2021-01-28 15:00:00,21.483024703979492
2021-01-28 16:00:00,23.640537231445315
2021-01-28 17:00:00,25.307156494140628
2021-01-28 18:00:00,27.1145397644043
2021-01-28 19:00:00,27.458992736816406
2021-01-28 20:00:00,34.291765502929685
2021-01-28 21:00:00,35.309515625
2021-01-28 22:00:00,35.72964532470703
2021-01-28 23:00:00,37.141471313476565
2021-01-29 00:00:00,37.41675915527344
2021-01-29 01:00:00,37.75731127929687
2021-01-29 02:00:00,38.57074304199219
2021-01-29 03:00:00,39.79774639892578
2021-01-29 04:00:00,38.49134252929687
2021-01-29 05:00:00,38.985463623046876
2021-01-29 06:00:00,36.786397827148434
2021-01-29 07:00:00,34.97025756835937
2021-01-29 08:00:00,35.4571015625
2021-01-29 09:00:00,26.51040344238281
2021-01-29 10:00:00,24.780174926757812
2021-01-29 11:00:00,23.525734893798827
2021-01-29 12:00:00,21.982114345550535
2021-01-29 13:00:00,19.465320701599122
2021-01-29 14:00:00,17.394829788208007
2021-01-29 15:00:00,15.812689331054688
2021-01-29 16:00:00,14.992193389892577
2021-01-29 17:00:00,17.740739715576172
2021-01-29 18:00:00,23.178824279785154
2021-01-29 19:00:00,28.947176696777344
2021-01-29 20:00:00,29.089623474121094
2021-01-29 21:00:00,27.932058563232424
2021-01-29 22:00:00,29.797620727539062
2021-01-29 23:00:00,30.941268005371093
2021-01-30 00:00:00,32.70052648925781
2021-01-30 01:00:00,31.50678210449219
2021-01-30 02:00:00,33.01982177734375
2021-01-30 03:00:00,33.46901098632813
2021-01-30 04:00:00,35.42240466308594
2021-01-30 05:00:00,35.608372924804684
2021-01-30 06:00:00,31.268429931640625
2021-01-30 07:00:00,31.313155944824217
2021-01-30 08:00:00,29.222339538574218
2021-01-30 09:00:00,25.18813621520996
2021-01-30 10:00:00,23.024184814453122
2021-01-30 11:00:00,22.001623046875
2021-01-30 12:00:00,20.17475965881348
2021-01-30 13:00:00,20.600933227539063
2021-01-30 14:00:00,18.13850442504883
2021-01-30 15:00:00,18.545900676727292
2021-01-30 16:00:00,18.489030548095705
2021-01-30 17:00:00,21.36952297973633
2021-01-30 18:00:00,21.981479370117185
2021-01-30 19:00:00,26.21535064697266
2021-01-30 20:00:00,27.92066265106201
2021-01-30 21:00:00,27.362364501953124
2021-01-30 22:00:00,31.654329498291016
2021-01-30 23:00:00,32.28807824707032
2021-01-31 00:00:00,34.6681865234375
2021-01-31 01:00:00,34.96402880859375
2021-01-31 02:00:00,34.32800231933594
2021-01-31 03:00:00,35.09802136230469
2021-01-31 04:00:00,37.18461505126953
2021-01-31 05:00:00,35.83120434570313
2021-01-31 06:00:00,34.967896728515626
2021-01-31 07:00:00,33.74945483398437
2021-01-31 08:00:00,30.78690771484375
2021-01-31 09:00:00,21.921931823730468
2021-01-31 10:00:00,16.634974571704866
2021-01-31 11:00:00,14.665654983520508
2021-01-31 12:00:00,13.620501403808593
2021-01-31 13:00:00,15.038817169189453
2021-01-31 14:00:00,13.037856071472167
2021-01-31 15:00:00,12.572702392578124
2021-01-31 16:00:00,12.834971221923828
2021-01-31 17:00:00,17.013324188232424
2021-01-31 18:00:00,19.82753105545044
2021-01-31 19:00:00,23.155378540039063
2021-01-31 20:00:00,27.849831787109373
2021-01-31 21:00:00,29.558448059082032
2021-01-31 22:00:00,31.567519226074218
2021-01-31 23:00:00,33.55752850341797
2021-02-01 00:00:00,35.05673077392578
2021-02-01 01:00:00,36.415618896484375
2021-02-01 02:00:00,37.272380371093746
2021-02-01 03:00:00,37.591758911132814
2021-02-01 04:00:00,37.82685571289063
2021-02-01 05:00:00,37.847256347656256
2021-02-01 06:00:00,34.48676873779297
2021-02-01 07:00:00,35.117175903320316
2021-02-01 08:00:00,32.03986126708985
2021-02-01 09:00:00,25.43225848388672
2021-02-01 10:00:00,21.494164436340334
2021-02-01 11:00:00,18.297093784332276
2021-02-01 12:00:00,17.8483879699707
2021-02-01 13:00:00,19.850370437622068
2021-02-01 14:00:00,18.66472038269043
2021-02-01 15:00:00,17.1787860622406
2021-02-01 16:00:00,18.792867736816405
2021-02-01 17:00:00,24.13390594482422
2021-02-01 18:00:00,24.378905395507815
2021-02-01 19:00:00,23.931853149414064
2021-02-01 20:00:00,26.737653686523437
2021-02-01 21:00:00,26.77694985961914
2021-02-01 22:00:00,30.00901629638672
2021-02-01 23:00:00,30.449081237792967
2021-02-02 00:00:00,30.642175476074218
2021-02-02 01:00:00,31.131979248046875
2021-02-02 02:00:00,34.041305297851565
2021-02-02 03:00:00,34.07160137939453
2021-02-02 04:00:00,34.345635986328126
2021-02-02 05:00:00,34.869317016601556
2021-02-02 06:00:00,31.450660034179688
2021-02-02 07:00:00,31.307419006347658
2021-02-02 08:00:00,29.672817993164063
2021-02-02 09:00:00,27.42190118408203
2021-02-02 10:00:00,25.737174499511717
2021-02-02 11:00:00,22.43462339782715
2021-02-02 12:00:00,18.99771292114258
2021-02-02 13:00:00,17.030386116027834
2021-02-02 14:00:00,15.81262181854248
2021-02-02 15:00:00,17.204106033325196
2021-02-02 16:00:00,17.29049673461914
2021-02-02 17:00:00,21.65396464538574
2021-02-02 18:00:00,22.14276077270508
2021-02-02 19:00:00,23.872154602050784
2021-02-02 20:00:00,27.092944900512695
2021-02-02 21:00:00,28.067333251953123
2021-02-02 22:00:00,31.688153259277342
2021-02-02 23:00:00,33.07611474609375
2021-02-03 00:00:00,35.189587158203125
2021-02-03 01:00:00,35.834357543945316
2021-02-03 02:00:00,36.924007995605464
2021-02-03 03:00:00,38.84395336914062
2021-02-03 04:00:00,37.36494903564453
2021-02-03 05:00:00,39.02764184570312
2021-02-03 06:00:00,34.244772521972656
2021-02-03 07:00:00,33.06547021484375
2021-02-03 08:00:00,27.966810302734373
2021-02-03 09:00:00,23.871232360839844
2021-02-03 10:00:00,23.350278320312498
2021-02-03 11:00:00,22.036640670776368
2021-02-03 12:00:00,20.346090911865236
2021-02-03 13:00:00,21.08675946044922
2021-02-03 14:00:00,20.676633209228516
2021-02-03 15:00:00,20.893426818847658
2021-02-03 16:00:00,20.71283285522461
2021-02-03 17:00:00,21.91092932128906
2021-02-03 18:00:00,26.912746131896974
2021-02-03 19:00:00,27.616160522460937
2021-02-03 20:00:00,30.065957458496094
2021-02-03 21:00:00,32.43189587402344
2021-02-03 22:00:00,33.201409057617184
2021-02-03 23:00:00,35.78986669921875
2021-02-04 00:00:00,37.882908203125
2021-02-04 01:00:00,38.72453662109375
2021-02-04 02:00:00,39.04795178222656
2021-02-04 03:00:00,39.38024108886719
2021-02-04 04:00:00,41.153541015624995
2021-02-04 05:00:00,41.52722607421875
2021-02-04 06:00:00,35.76327221679688
2021-02-04 07:00:00,36.38530981445312
2021-02-04 08:00:00,32.738518920898436
2021-02-04 09:00:00,24.472357910156248
2021-02-04 10:00:00,18.732977584838867
2021-02-04 11:00:00,17.07259976196289
2021-02-04 12:00:00,15.811160400390625
2021-02-04 13:00:00,14.923123756825923
2021-02-04 14:00:00,13.559849723815919
2021-02-04 15:00:00,10.68566963005066
2021-02-04 16:00:00,10.57010785484314
2021-02-04 17:00:00,13.870413314819336
2021-02-04 18:00:00,16.24868458557129
2021-02-04 19:00:00,19.16080807495117
2021-02-04 20:00:00,23.61022021484375
2021-02-04 21:00:00,24.85939227294922
2021-02-04 22:00:00,29.45607141113281
2021-02-04 23:00:00,29.285020141601564
2021-02-05 00:00:00,30.461911376953125
2021-02-05 01:00:00,30.999087158203125
2021-02-05 02:00:00,33.24767163085937
2021-02-05 03:00:00,36.92894262695313
2021-02-05 04:00:00,40.521610839843746
2021-02-05 05:00:00,42.752681030273436
2021-02-05 06:00:00,37.181845153808595
2021-02-05 07:00:00,39.17015893554688
2021-02-05 08:00:00,34.90790197753906
2021-02-05 09:00:00,27.173416870117187
2021-02-05 10:00:00,20.429409011840818
2021-02-05 11:00:00,17.399265914916995
2021-02-05 12:00:00,15.159097297668456
2021-02-05 13:00:00,12.86765955978632
2021-02-05 14:00:00,11.454741638183593
2021-02-05 15:00:00,9.942766021728517
2021-02-05 16:00:00,9.641805938720704
2021-02-05 17:00:00,11.810262786865234
2021-02-05 18:00:00,16.381617889404296
2021-02-05 19:00:00,19.37285686016083
2021-02-05 20:00:00,23.682200927734378
2021-02-05 21:00:00,27.20014538574219
2021-02-05 22:00:00,30.298852600097653
2021-02-05 23:00:00,30.96283142089844
2021-02-06 00:00:00,33.00792687988282
2021-02-06 01:00:00,35.29538461303711
2021-02-06 02:00:00,36.15705065917969
2021-02-06 03:00:00,37.86422045898438
2021-02-06 04:00:00,39.74406878662109
2021-02-06 05:00:00,42.50612768554687
2021-02-06 06:00:00,37.49375988769531
2021-02-06 07:00:00,41.14013842773438
2021-02-06 08:00:00,34.55909448242187
2021-02-06 09:00:00,25.384194446563722
2021-02-06 10:00:00,19.655188919067385
2021-02-06 11:00:00,17.56889210510254
2021-02-06 12:00:00,13.575278465270998
2021-02-06 13:00:00,13.041847412109375
2021-02-06 14:00:00,10.648354217529297
2021-02-06 15:00:00,10.379116302490235
2021-02-06 16:00:00,10.733713857650756
2021-02-06 17:00:00,11.757074188232423
2021-02-06 18:00:00,14.847880401611327
2021-02-06 19:00:00,17.39679286193848
2021-02-06 20:00:00,23.58572137451172
2021-02-06 21:00:00,25.263646362304687
2021-02-06 22:00:00,28.200243041992188
2021-02-06 23:00:00,32.46836120605469
2021-02-07 00:00:00,32.548390747070314
2021-02-07 01:00:00,34.83776217651367
2021-02-07 02:00:00,35.75653576660156
2021-02-07 03:00:00,40.55476834106445
2021-02-07 04:00:00,42.52847583007812
2021-02-07 05:00:00,41.0625341796875
2021-02-07 06:00:00,37.603381225585935
2021-02-07 07:00:00,37.555986572265624
2021-02-07 08:00:00,33.869540954589844
2021-02-07 09:00:00,26.870933410644533
2021-02-07 10:00:00,20.881070343017576
2021-02-07 11:00:00,16.53661131286621
2021-02-07 12:00:00,12.75980023574829
2021-02-07 13:00:00,11.202529317855834
2021-02-07 14:00:00,9.463816886901856
2021-02-07 15:00:00,7.717944526672364
2021-02-07 16:00:00,6.612068118810654
2021-02-07 17:00:00,9.950102685928346
2021-02-07 18:00:00,14.444819610595705
2021-02-07 19:00:00,18.854164237976075
2021-02-07 20:00:00,20.791344192504884
2021-02-07 21:00:00,25.499574661254883
2021-02-07 22:00:00,28.78417108154297
2021-02-07 23:00:00,29.78909777832031
2021-02-08 00:00:00,33.7742308959961
2021-02-08 01:00:00,34.59362994384766
2021-02-08 02:00:00,37.739695190429686
2021-02-08 03:00:00,37.89247814941406
2021-02-08 04:00:00,39.68669311523438
2021-02-08 05:00:00,39.49844354248047
2021-02-08 06:00:00,32.879119750976564
2021-02-08 07:00:00,34.07903213500977
2021-02-08 08:00:00,31.004972412109375
2021-02-08 09:00:00,27.202387817382814
2021-02-08 10:00:00,24.625570281982423
2021-02-08 11:00:00,22.590287506103515
2021-02-08 12:00:00,22.900829254150388
2021-02-08 13:00:00,24.50286657714844
2021-02-08 14:00:00,20.951004135131836
2021-02-08 15:00:00,14.445408361434936
2021-02-08 16:00:00,13.377841509819032
2021-02-08 17:00:00,17.891085144042968
2021-02-08 18:00:00,22.89206030273437
2021-02-08 19:00:00,25.51206265258789
2021-02-08 20:00:00,26.11971240234375
2021-02-08 21:00:00,29.364091552734372
2021-02-08 22:00:00,31.811639251708986
2021-02-08 23:00:00,32.6449359741211
2021-02-09 00:00:00,31.417488342285157
2021-02-09 01:00:00,32.18872845458984
2021-02-09 02:00:00,33.02341540527344
2021-02-09 03:00:00,33.07970556640625
2021-02-09 04:00:00,33.39850817871094
2021-02-09 05:00:00,35.14417175292969
2021-02-09 06:00:00,30.625619995117187
2021-02-09 07:00:00,32.6611328125
2021-02-09 08:00:00,29.844453750610352
2021-02-09 09:00:00,28.061502380371095
2021-02-09 10:00:00,24.413334014892577
2021-02-09 11:00:00,20.299368957519533
2021-02-09 12:00:00,18.597550537109377
2021-02-09 13:00:00,16.889725555419922
2021-02-09 14:00:00,12.814030559539795
2021-02-09 15:00:00,11.56405963897705
2021-02-09 16:00:00,11.725525482177733
2021-02-09 17:00:00,15.391161880493165
2021-02-09 18:00:00,19.722839195251467
2021-02-09 19:00:00,23.92204283905029
2021-02-09 20:00:00,25.974467529296874
2021-02-09 21:00:00,27.176514099121093
2021-02-09 22:00:00,31.38252014160156
2021-02-09 23:00:00,31.61549694824219
2021-02-10 00:00:00,31.291997985839842
2021-02-10 01:00:00,30.246257202148435
2021-02-10 02:00:00,31.973372558593752
2021-02-10 03:00:00,34.25099871826172
2021-02-10 04:00:00,32.8271044921875
2021-02-10 05:00:00,33.79985144042969
2021-02-10 06:00:00,29.438449127197266
2021-02-10 07:00:00,31.31174005126953
2021-02-10 08:00:00,27.509419128417967
2021-02-10 09:00:00,19.82477291870117
2021-02-10 10:00:00,16.787049865722658
2021-02-10 11:00:00,14.90586947631836
2021-02-10 12:00:00,13.91983052968979
2021-02-10 13:00:00,11.41736915588379
2021-02-10 14:00:00,10.289476272583007
2021-02-10 15:00:00,8.316286056518555
2021-02-10 16:00:00,8.130930076599121
2021-02-10 17:00:00,11.384881103515625
2021-02-10 18:00:00,15.871908264160156
2021-02-10 19:00:00,21.17288607788086
2021-02-10 20:00:00,24.52281805419922
2021-02-10 21:00:00,27.212059570312498
2021-02-10 22:00:00,30.2003975982666
2021-02-10 23:00:00,29.80471270751953
2021-02-11 00:00:00,30.44979609680176
2021-02-11 01:00:00,31.21188673400879
2021-02-11 02:00:00,30.682993164062502
2021-02-11 03:00:00,32.16093896484375
2021-02-11 04:00:00,32.160484558105466
2021-02-11 05:00:00,32.898808410644534
2021-02-11 06:00:00,29.950579284667967
2021-02-11 07:00:00,29.76518469238281
2021-02-11 08:00:00,28.258647644042966
2021-02-11 09:00:00,25.135554809570316
2021-02-11 10:00:00,20.90725065612793
2021-02-11 11:00:00,19.482018646240235
2021-02-11 12:00:00,16.877229415893552
2021-02-11 13:00:00,16.518928741455078
2021-02-11 14:00:00,16.934313720703123
2021-02-11 15:00:00,17.63596842956543
2021-02-11 16:00:00,18.724945892333984
2021-02-11 17:00:00,22.076767303466795
2021-02-11 18:00:00,23.530886474609375
2021-02-11 19:00:00,24.652013427734374
2021-02-11 20:00:00,26.91103875732422
2021-02-11 21:00:00,28.296916015625
2021-02-11 22:00:00,29.55176495361328
2021-02-11 23:00:00,32.559865173339844
2021-02-12 00:00:00,31.07549395751953
2021-02-12 01:00:00,33.04031237792969
2021-02-12 02:00:00,32.78571984863281
2021-02-12 03:00:00,34.966859130859376
2021-02-12 04:00:00,35.339854248046876
2021-02-12 05:00:00,34.433648376464845
2021-02-12 06:00:00,32.40113885498047
2021-02-12 07:00:00,30.750711853027344
2021-02-12 08:00:00,29.692006042480468
2021-02-12 09:00:00,27.936001983642576
2021-02-12 10:00:00,18.0680774230957
2021-02-12 11:00:00,15.756817947387695
2021-02-12 12:00:00,15.150435256958009
2021-02-12 13:00:00,16.40216110229492
2021-02-12 14:00:00,15.133490615844726
2021-02-12 15:00:00,13.144105155944825
2021-02-12 16:00:00,12.525479263305664
2021-02-12 17:00:00,15.491562324523926
2021-02-12 18:00:00,20.21400189971924
2021-02-12 19:00:00,23.858933319091797
2021-02-12 20:00:00,24.955095428466798
2021-02-12 21:00:00,27.19715673828125
2021-02-12 22:00:00,27.831473167419432
2021-02-12 23:00:00,29.468874816894534
2021-02-13 00:00:00,32.56875463867188
2021-02-13 01:00:00,34.641526794433595
2021-02-13 02:00:00,32.92536828613281
2021-02-13 03:00:00,33.468876953125
2021-02-13 04:00:00,33.798336791992185
2021-02-13 05:00:00,31.83535745239258
2021-02-13 06:00:00,29.53868438720703
2021-02-13 07:00:00,27.379048461914063
2021-02-13 08:00:00,27.03896368408203
2021-02-13 09:00:00,23.107021484375
2021-02-13 10:00:00,19.988604949951174
2021-02-13 11:00:00,19.42810089111328
2021-02-13 12:00:00,17.92057815551758
2021-02-13 13:00:00,15.649753967285157
2021-02-13 14:00:00,14.397207618713379
2021-02-13 15:00:00,16.479333209991456
2021-02-13 16:00:00,18.188350761413574
2021-02-13 17:00:00,20.379692993164063
2021-02-13 18:00:00,21.490934020996093
2021-02-13 19:00:00,27.953738281249997
2021-02-13 20:00:00,29.653145629882815
2021-02-13 21:00:00,33.028930175781255
2021-02-13 22:00:00,33.80655596923828
2021-02-13 23:00:00,36.730282226562494
2021-02-14 00:00:00,39.957447998046874
2021-02-14 01:00:00,40.28725158691407
2021-02-14 02:00:00,40.794273559570314
2021-02-14 03:00:00,42.21975024414063
2021-02-14 04:00:00,40.41734802246094
2021-02-14 05:00:00,40.64260009765625
2021-02-14 06:00:00,37.57265771484375
2021-02-14 07:00:00,34.63280816650391
2021-02-14 08:00:00,34.16174505615234
2021-02-14 09:00:00,27.108913024902343
2021-02-14 10:00:00,19.781022491455076
2021-02-14 11:00:00,17.691075286865235
2021-02-14 12:00:00,15.988724781036376
2021-02-14 13:00:00,13.913408081054687
2021-02-14 14:00:00,11.630829180181028
2021-02-14 15:00:00,9.05100890994072
2021-02-14 16:00:00,10.056819946289062
2021-02-14 17:00:00,12.693355224609375
2021-02-14 18:00:00,17.884030563354493
2021-02-14 19:00:00,20.0255739364624
2021-02-14 20:00:00,23.83995553588867
2021-02-14 21:00:00,26.722625061035156
2021-02-14 22:00:00,28.142863830566405
2021-02-14 23:00:00,31.421655700683594
2021-02-15 00:00:00,36.3315112915039
2021-02-15 01:00:00,36.85987854003906
2021-02-15 02:00:00,36.46358410644531
2021-02-15 03:00:00,37.87082629394531
2021-02-15 04:00:00,39.72896423339844
2021-02-15 05:00:00,40.79691638183594
2021-02-15 06:00:00,39.12222174072266
2021-02-15 07:00:00,37.84695275878906
2021-02-15 08:00:00,34.45926318359375
2021-02-15 09:00:00,27.32108526611328
2021-02-15 10:00:00,22.683334747314454
2021-02-15 11:00:00,18.11110715675354
2021-02-15 12:00:00,14.205325172424317
2021-02-15 13:00:00,12.595521530151366
2021-02-15 14:00:00,11.707480518341065
2021-02-15 15:00:00,12.621694751739502
2021-02-15 16:00:00,11.256261402130129
2021-02-15 17:00:00,14.069980346679689
2021-02-15 18:00:00,16.93248725891113
2021-02-15 19:00:00,19.418044097900392
2021-02-15 20:00:00,21.88169613647461
2021-02-15 21:00:00,26.261058654785156
2021-02-15 22:00:00,25.89546356201172
2021-02-15 23:00:00,28.481272521972656
2021-02-16 00:00:00,30.674038452148437
2021-02-16 01:00:00,32.41643978881836
2021-02-16 02:00:00,36.1930132446289
2021-02-16 03:00:00,33.85989465332031
2021-02-16 04:00:00,29.595215393066407
2021-02-16 05:00:00,31.426272521972656
2021-02-16 06:00:00,28.607540283203125
2021-02-16 07:00:00,26.987718200683595
2021-02-16 08:00:00,25.189877502441405
2021-02-16 09:00:00,23.6819208984375
2021-02-16 10:00:00,23.015815765380857
2021-02-16 11:00:00,20.03199020385742
2021-02-16 12:00:00,20.833415451049806
2021-02-16 13:00:00,22.76327946472168
2021-02-16 14:00:00,22.627167388916014
2021-02-16 15:00:00,22.624189331054687
2021-02-16 16:00:00,20.881728591918943
2021-02-16 17:00:00,18.74119359588623
2021-02-16 18:00:00,18.893903717041013
2021-02-16 19:00:00,22.470446014404295
2021-02-16 20:00:00,23.12907598876953
2021-02-16 21:00:00,25.241357208251955
2021-02-16 22:00:00,24.658930786132814
2021-02-16 23:00:00,27.37864172363281
2021-02-17 00:00:00,27.633605468749998
2021-02-17 01:00:00,27.897764404296876
2021-02-17 02:00:00,29.986376647949218
2021-02-17 03:00:00,28.379747192382816
2021-02-17 04:00:00,27.615990295410157
2021-02-17 05:00:00,29.22141845703125
2021-02-17 06:00:00,27.6354951171875
2021-02-17 07:00:00,24.662166137695316
2021-02-17 08:00:00,21.478118774414064
2021-02-17 09:00:00,14.867016387939453
2021-02-17 10:00:00,12.69553158569336
2021-02-17 11:00:00,11.483458923339843
2021-02-17 12:00:00,10.184698459625245
2021-02-17 13:00:00,9.234655138969421
2021-02-17 14:00:00,9.201357689857483
2021-02-17 15:00:00,9.115970596313478
2021-02-17 16:00:00,7.989359284639358
2021-02-17 17:00:00,8.421392917633057
2021-02-17 18:00:00,10.858030448436738
2021-02-17 19:00:00,17.14739256286621
2021-02-17 20:00:00,21.306059661865234
2021-02-17 21:00:00,21.834515930175783
2021-02-17 22:00:00,24.066161331176758
2021-02-17 23:00:00,27.37744448852539
2021-02-18 00:00:00,30.89804522705078
2021-02-18 01:00:00,35.89169958496094
2021-02-18 02:00:00,32.30987731933594
2021-02-18 03:00:00,34.49565295410156
2021-02-18 04:00:00,30.51853546142578
2021-02-18 05:00:00,33.97062689208984
2021-02-18 06:00:00,29.906158935546877
2021-02-18 07:00:00,34.575239196777346
2021-02-18 08:00:00,26.886662902832033
2021-02-18 09:00:00,19.244181884765624
2021-02-18 10:00:00,13.889803665161132
2021-02-18 11:00:00,11.943574489593505
2021-02-18 12:00:00,11.102677341461181
2021-02-18 13:00:00,10.774019088745117
2021-02-18 14:00:00,10.994741058349609
2021-02-18 15:00:00,11.224909938812257
2021-02-18 16:00:00,12.299959075927735
2021-02-18 17:00:00,16.84022277832031
2021-02-18 18:00:00,21.14805599975586
2021-02-18 19:00:00,20.48985469055176
2021-02-18 20:00:00,18.975241790771484
2021-02-18 21:00:00,20.583633850097655
2021-02-18 22:00:00,24.03706820678711
2021-02-18 23:00:00,27.07277227783203
2021-02-19 00:00:00,29.080933044433593
2021-02-19 01:00:00,27.20604931640625
2021-02-19 02:00:00,29.75632000732422
2021-02-19 03:00:00,32.31244635009766
2021-02-19 04:00:00,32.47371606445313
2021-02-19 05:00:00,32.67955419921875
2021-02-19 06:00:00,29.324529663085936
2021-02-19 07:00:00,29.297296829223633
2021-02-19 08:00:00,29.849910919189455
2021-02-19 09:00:00,21.830275634765627
2021-02-19 10:00:00,14.11275715637207
2021-02-19 11:00:00,13.232542304992675
2021-02-19 12:00:00,11.668109802246093
2021-02-19 13:00:00,11.417120269775392
2021-02-19 14:00:00,9.239957412719727
2021-02-19 15:00:00,7.617437538146973
2021-02-19 16:00:00,6.833347934722901
2021-02-19 17:00:00,9.124576774597168
2021-02-19 18:00:00,13.648201782226561
2021-02-19 19:00:00,15.344319076538085
2021-02-19 20:00:00,18.240330505371094
2021-02-19 21:00:00,21.709749511718748
2021-02-19 22:00:00,24.2025603017807
2021-02-19 23:00:00,27.76556475830078
2021-02-20 00:00:00,33.641765670776365
2021-02-20 01:00:00,33.90982653808594
2021-02-20 02:00:00,34.133399780273436
2021-02-20 03:00:00,35.16310034179688
2021-02-20 04:00:00,37.661131591796874
2021-02-20 05:00:00,38.001361328125
2021-02-20 06:00:00,34.98737637329101
2021-02-20 07:00:00,36.110687622070316
2021-02-20 08:00:00,31.390755249023435
2021-02-20 09:00:00,24.357435485839844
2021-02-20 10:00:00,20.141823760986327
2021-02-20 11:00:00,18.667865165710452
2021-02-20 12:00:00,12.460717102050781
2021-02-20 13:00:00,11.179328491210939
2021-02-20 14:00:00,11.083396686553954
2021-02-20 15:00:00,12.03323331451416
2021-02-20 16:00:00,13.468494659423829
2021-02-20 17:00:00,14.834892608642578
2021-02-20 18:00:00,16.257683280944825
2021-02-20 19:00:00,19.05173745727539
2021-02-20 20:00:00,22.27956658935547
2021-02-20 21:00:00,22.331417296409608
2021-02-20 22:00:00,25.761361267089843
2021-02-20 23:00:00,25.606703826904294
2021-02-21 00:00:00,25.930778076171876
2021-02-21 01:00:00,28.470696655273436
2021-02-21 02:00:00,28.9030908203125
2021-02-21 03:00:00,31.35662255859375
2021-02-21 04:00:00,31.42606231689453
2021-02-21 05:00:00,31.57275579833984
2021-02-21 06:00:00,31.46276108551025
2021-02-21 07:00:00,29.447732940673827
2021-02-21 08:00:00,29.12767041015625
2021-02-21 09:00:00,20.333966979980467
2021-02-21 10:00:00,16.24017673492432
2021-02-21 11:00:00,15.002438606262206
2021-02-21 12:00:00,13.678526485443115
2021-02-21 13:00:00,14.09221337890625
2021-02-21 14:00:00,11.874365631103515
2021-02-21 15:00:00,11.022402702331544
2021-02-21 16:00:00,11.69748867034912
2021-02-21 17:00:00,13.631575958251954
2021-02-21 18:00:00,17.869992889404298
2021-02-21 19:00:00,18.89325158119202
2021-02-21 20:00:00,22.39417153930664
2021-02-21 21:00:00,26.43449786376953
2021-02-21 22:00:00,31.50396319580078
2021-02-21 23:00:00,31.7951435546875
2021-02-22 00:00:00,33.88144729614258
2021-02-22 01:00:00,34.324979980468754
2021-02-22 02:00:00,34.82949401855468
2021-02-22 03:00:00,34.98092761230468
2021-02-22 04:00:00,37.03569348144531
2021-02-22 05:00:00,37.14995654296875
2021-02-22 06:00:00,34.62831640625
2021-02-22 07:00:00,34.71332080078125
2021-02-22 08:00:00,30.32952142333984
2021-02-22 09:00:00,21.31150830078125
2021-02-22 10:00:00,17.20909896850586
2021-02-22 11:00:00,15.571566970825195
2021-02-22 12:00:00,15.49082957458496
2021-02-22 13:00:00,13.375172576904298
2021-02-22 14:00:00,12.120005508422853
2021-02-22 15:00:00,11.975054138183594
2021-02-22 16:00:00,13.640009521484375
2021-02-22 17:00:00,14.917733337402343
2021-02-22 18:00:00,18.13528759765625
2021-02-22 19:00:00,20.437569702148437
2021-02-22 20:00:00,21.19665528869629
2021-02-22 21:00:00,23.873386154174803
2021-02-22 22:00:00,27.88343377685547
2021-02-22 23:00:00,29.40922735595703
2021-02-23 00:00:00,32.21190301513672
2021-02-23 01:00:00,33.57859259033203
2021-02-23 02:00:00,35.14777850341797
2021-02-23 03:00:00,34.62879730224609
2021-02-23 04:00:00,34.88638330078125
2021-02-23 05:00:00,35.37176153564453
2021-02-23 06:00:00,31.916519134521486
2021-02-23 07:00:00,33.062020080566406
2021-02-23 08:00:00,30.466273010253907
2021-02-23 09:00:00,25.817487670898437
2021-02-23 10:00:00,22.675094732284546
2021-02-23 11:00:00,19.005947967529295
2021-02-23 12:00:00,23.46816256713867
2021-02-23 13:00:00,21.41087301635742
2021-02-23 14:00:00,17.918821968078614
2021-02-23 15:00:00,21.304124725341797
2021-02-23 16:00:00,24.101164794921875
2021-02-23 17:00:00,23.49512261962891
2021-02-23 18:00:00,26.008796142578124
2021-02-23 19:00:00,28.441981811523437
2021-02-23 20:00:00,30.651125549316404
2021-02-23 21:00:00,34.468426757812495
2021-02-23 22:00:00,35.454383666992186
2021-02-23 23:00:00,36.84349951171875
2021-02-24 00:00:00,38.83590222167969
2021-02-24 01:00:00,39.33399658203125
2021-02-24 02:00:00,40.56746447753906
2021-02-24 03:00:00,41.95542358398437
2021-02-24 04:00:00,42.493882690429686
2021-02-24 05:00:00,42.43605444335938
2021-02-24 06:00:00,39.80879736328125
2021-02-24 07:00:00,38.30042065429687
2021-02-24 08:00:00,32.380921142578124
2021-02-24 09:00:00,24.110367828369142
2021-02-24 10:00:00,18.686652473449705
2021-02-24 11:00:00,17.464241424560548
2021-02-24 12:00:00,17.676506622314456
2021-02-24 13:00:00,17.475194183349608
2021-02-24 14:00:00,15.265527988433838
2021-02-24 15:00:00,12.005814033508301
2021-02-24 16:00:00,13.257199340820312
2021-02-24 17:00:00,17.53338751220703
2021-02-24 18:00:00,22.912018524169923
2021-02-24 19:00:00,27.273609130859377
2021-02-24 20:00:00,28.4113564453125
2021-02-24 21:00:00,32.34207482910156
2021-02-24 22:00:00,34.61936010742187
2021-02-24 23:00:00,35.59152453613281
2021-02-25 00:00:00,35.152283203124995
2021-02-25 01:00:00,36.23203137207031
2021-02-25 02:00:00,37.518844299316406
2021-02-25 03:00:00,38.74923095703125
2021-02-25 04:00:00,39.28091906738281
2021-02-25 05:00:00,39.237962890625
2021-02-25 06:00:00,37.34127795410156
2021-02-25 07:00:00,36.29976043701171
2021-02-25 08:00:00,31.06950909423828
2021-02-25 09:00:00,23.287140991210936
2021-02-25 10:00:00,19.325220321655273
2021-02-25 11:00:00,18.102939140319826
2021-02-25 12:00:00,16.89816130828857
2021-02-25 13:00:00,15.113113663434984
2021-02-25 14:00:00,13.301180156707764
2021-02-25 15:00:00,10.321138580322266
2021-02-25 16:00:00,9.784900314331054
2021-02-25 17:00:00,14.633101303100586
2021-02-25 18:00:00,20.618548934936523
2021-02-25 19:00:00,25.62783267211914
2021-02-25 20:00:00,30.07206573486328
2021-02-25 21:00:00,32.243277496337896
2021-02-25 22:00:00,33.65728430175781
2021-02-25 23:00:00,36.912541137695314
2021-02-26 00:00:00,38.0029482421875
2021-02-26 01:00:00,39.818723266601566
2021-02-26 02:00:00,39.97138037109375
2021-02-26 03:00:00,42.044259277343755
2021-02-26 04:00:00,41.19246203613281
2021-02-26 05:00:00,42.06778051757812
2021-02-26 06:00:00,40.48757824707032
2021-02-26 07:00:00,37.60548791503906
2021-02-26 08:00:00,35.24289080810547
2021-02-26 09:00:00,30.444646087646483
2021-02-26 10:00:00,25.816848876953124
2021-02-26 11:00:00,22.982945861816404
2021-02-26 12:00:00,22.95421078491211
2021-02-26 13:00:00,20.84774151611328
2021-02-26 14:00:00,19.444846893310547
2021-02-26 15:00:00,20.2767978515625
2021-02-26 16:00:00,20.008515518188474
2021-02-26 17:00:00,22.967455291748045
2021-02-26 18:00:00,26.979346771240238
2021-02-26 19:00:00,28.622731079101563
2021-02-26 20:00:00,31.46959521484375
2021-02-26 21:00:00,33.03571301269531
2021-02-26 22:00:00,34.32238717651367
2021-02-26 23:00:00,36.30448175048828
2021-02-27 00:00:00,37.24380834960938
2021-02-27 01:00:00,38.705251220703126
2021-02-27 02:00:00,38.81598571777344
2021-02-27 03:00:00,39.03987438964843
2021-02-27 04:00:00,39.50663220214844
2021-02-27 05:00:00,40.78521008300781
2021-02-27 06:00:00,38.72345129394532
2021-02-27 07:00:00,36.69630798339844
2021-02-27 08:00:00,35.518228637695316
2021-02-27 09:00:00,27.445703552246094
2021-02-27 10:00:00,22.182320346832277
2021-02-27 11:00:00,22.32349359130859
2021-02-27 12:00:00,21.611283149719238
2021-02-27 13:00:00,21.27376754760742
2021-02-27 14:00:00,19.5132041015625
2021-02-27 15:00:00,20.395202911376952
2021-02-27 16:00:00,20.62251138305664
2021-02-27 17:00:00,20.13071881103516
2021-02-27 18:00:00,21.459310333251953
2021-02-27 19:00:00,24.157862731933594
2021-02-27 20:00:00,24.35603338623047
2021-02-27 21:00:00,26.974709777832032
2021-02-27 22:00:00,30.814301147460938
2021-02-27 23:00:00,32.044082885742185
2021-02-28 00:00:00,33.17928814697265
2021-02-28 01:00:00,33.582422241210935
2021-02-28 02:00:00,34.40792236328125
2021-02-28 03:00:00,34.32939038085938
2021-02-28 04:00:00,33.25270654296875
2021-02-28 05:00:00,31.75835144042969
2021-02-28 06:00:00,31.754318115234376
2021-02-28 07:00:00,29.612269042968748
2021-02-28 08:00:00,29.500980041503908
2021-02-28 09:00:00,27.044279846191408
2021-02-28 10:00:00,24.025843017578126
2021-02-28 11:00:00,23.606306884765623
2021-02-28 12:00:00,21.81597412109375
2021-02-28 13:00:00,21.590705947875975
2021-02-28 14:00:00,21.517252517700197
2021-02-28 15:00:00,20.338696502685547
2021-02-28 16:00:00,21.104170471191406
2021-02-28 17:00:00,21.494961181640626
2021-02-28 18:00:00,24.64864794921875
2021-02-28 19:00:00,26.011837646484373
2021-02-28 20:00:00,28.645575622558596
2021-02-28 21:00:00,30.472621704101563
2021-02-28 22:00:00,31.09462774658203
2021-02-28 23:00:00,31.24628405761719
2021-03-01 00:00:00,30.343759338378906
2021-03-01 01:00:00,28.960812927246092
2021-03-01 02:00:00,29.5250888671875
2021-03-01 03:00:00,30.06122088623047
2021-03-01 04:00:00,30.222767028808594
2021-03-01 05:00:00,30.45012701416016
2021-03-01 06:00:00,27.334479919433594
2021-03-01 07:00:00,25.288296203613278
2021-03-01 08:00:00,23.82862274169922
2021-03-01 09:00:00,21.98392572021484
2021-03-01 10:00:00,15.64153875732422
2021-03-01 11:00:00,16.807214141845705
2021-03-01 12:00:00,13.56346766281128
2021-03-01 13:00:00,13.14550122833252
2021-03-01 14:00:00,12.378810424804687
2021-03-01 15:00:00,9.946689361572265
2021-03-01 16:00:00,14.025152496337892
2021-03-01 17:00:00,19.379317626953124
2021-03-01 18:00:00,25.37329872894287
2021-03-01 19:00:00,27.538657470703125
2021-03-01 20:00:00,30.898668334960938
2021-03-01 21:00:00,29.27832604980469
2021-03-01 22:00:00,29.353075073242188
2021-03-01 23:00:00,30.789930786132814
2021-03-02 00:00:00,25.608989074707033
2021-03-02 01:00:00,31.8425625
2021-03-02 02:00:00,33.03997283935547
2021-03-02 03:00:00,29.850119323730468
2021-03-02 04:00:00,32.27005230712891
2021-03-02 05:00:00,32.59271014404297
2021-03-02 06:00:00,29.309925537109372
2021-03-02 07:00:00,30.423730773925783
2021-03-02 08:00:00,30.017685913085938
2021-03-02 09:00:00,28.061284179687497
2021-03-02 10:00:00,27.742266662597658
2021-03-02 11:00:00,23.41756137084961
2021-03-02 12:00:00,25.46896578979492
2021-03-02 13:00:00,22.083234008789063
2021-03-02 14:00:00,18.84735647583008
2021-03-02 15:00:00,16.962938262939453
2021-03-02 16:00:00,13.631363586425781
2021-03-02 17:00:00,14.965163192749024
2021-03-02 18:00:00,18.22759924316406
2021-03-02 19:00:00,18.638043106079103
2021-03-02 20:00:00,22.321068054199216
2021-03-02 21:00:00,25.23371252441406
2021-03-02 22:00:00,29.381530273437498
2021-03-02 23:00:00,30.844434143066408
2021-03-03 00:00:00,32.85268682861329
2021-03-03 01:00:00,33.14459289550781
2021-03-03 02:00:00,33.92818634033203
2021-03-03 03:00:00,36.67239465332031
2021-03-03 04:00:00,36.691910766601566
2021-03-03 05:00:00,38.62264715576172
2021-03-03 06:00:00,36.73194506835938
2021-03-03 07:00:00,33.46032696533203
2021-03-03 08:00:00,27.78552624511719
2021-03-03 09:00:00,16.824624649047852
2021-03-03 10:00:00,11.788106567382812
2021-03-03 11:00:00,10.263604667663575
2021-03-03 12:00:00,9.540204879760743
2021-03-03 13:00:00,7.344520503997803
2021-03-03 14:00:00,7.17564965057373
2021-03-03 15:00:00,6.04734066772461
2021-03-03 16:00:00,6.23931378173828
2021-03-03 17:00:00,8.627357917785645
2021-03-03 18:00:00,14.065016510009766
2021-03-03 19:00:00,15.852264190673829
2021-03-03 20:00:00,20.384060943603515
2021-03-03 21:00:00,22.698704620361326
2021-03-03 22:00:00,24.02331134033203
2021-03-03 23:00:00,25.762882934570314
2021-03-04 00:00:00,27.41326336669922
2021-03-04 01:00:00,27.068521545410157
2021-03-04 02:00:00,27.48910412597656
2021-03-04 03:00:00,28.241231567382812
2021-03-04 04:00:00,28.70465155029297
2021-03-04 05:00:00,28.522068115234376
2021-03-04 06:00:00,25.7445810546875
2021-03-04 07:00:00,24.84687353515625
2021-03-04 08:00:00,23.601838775634768
2021-03-04 09:00:00,19.45594934082031
2021-03-04 10:00:00,15.476735847473144
2021-03-04 11:00:00,12.44967230606079
2021-03-04 12:00:00,12.62801951789856
2021-03-04 13:00:00,10.780813087463379
2021-03-04 14:00:00,9.190020320892334
2021-03-04 15:00:00,7.584463947057724
2021-03-04 16:00:00,8.48604891204834
2021-03-04 17:00:00,10.977975973129272
2021-03-04 18:00:00,13.56962922668457
2021-03-04 19:00:00,16.663756332397462
2021-03-04 20:00:00,18.780549591064453
2021-03-04 21:00:00,20.47288887786865
2021-03-04 22:00:00,22.64537787628174
2021-03-04 23:00:00,24.719320159912108
2021-03-05 00:00:00,25.769874389648436
2021-03-05 01:00:00,27.07698571777344
2021-03-05 02:00:00,27.896440673828124
2021-03-05 03:00:00,29.51771826171875
2021-03-05 04:00:00,31.85529150390625
2021-03-05 05:00:00,35.91515344238281
2021-03-05 06:00:00,32.369267333984375
2021-03-05 07:00:00,31.590203002929687
2021-03-05 08:00:00,27.201041511535642
2021-03-05 09:00:00,21.879598052978515
2021-03-05 10:00:00,17.096515029907223
2021-03-05 11:00:00,13.81212850189209
2021-03-05 12:00:00,11.007397382736205
2021-03-05 13:00:00,10.589741928100587
2021-03-05 14:00:00,10.736971389770506
2021-03-05 15:00:00,8.945880363464354
2021-03-05 16:00:00,7.990716751098633
2021-03-05 17:00:00,10.504153793334961
2021-03-05 18:00:00,14.742645263671875
2021-03-05 19:00:00,17.49812974357605
2021-03-05 20:00:00,23.26793637084961
2021-03-05 21:00:00,25.97815853881836
2021-03-05 22:00:00,26.41773831176758
2021-03-05 23:00:00,28.397466827392577
2021-03-06 00:00:00,29.938809234619143
2021-03-06 01:00:00,32.22511059570313
2021-03-06 02:00:00,34.41998526000977
2021-03-06 03:00:00,33.16173559570312
2021-03-06 04:00:00,36.45153381347656
2021-03-06 05:00:00,34.14454370117188
2021-03-06 06:00:00,35.30044226074219
2021-03-06 07:00:00,29.99469174194336
2021-03-06 08:00:00,23.572682693481447
2021-03-06 09:00:00,15.186577850341797
2021-03-06 10:00:00,11.185785610198975
2021-03-06 11:00:00,10.149865963935852
2021-03-06 12:00:00,9.281991333007813
2021-03-06 13:00:00,8.096416778564453
2021-03-06 14:00:00,6.76722257232666
2021-03-06 15:00:00,6.608069244384765
2021-03-06 16:00:00,9.145419273376465
2021-03-06 17:00:00,10.572555786132813
2021-03-06 18:00:00,12.91706450653076
2021-03-06 19:00:00,14.314772918701172
2021-03-06 20:00:00,14.834789932250978
2021-03-06 21:00:00,15.438563766479493
2021-03-06 22:00:00,18.613135391235353
2021-03-06 23:00:00,19.579022186279296
2021-03-07 00:00:00,19.5701413269043
2021-03-07 01:00:00,21.652992248535156
2021-03-07 02:00:00,22.268942596435547
2021-03-07 03:00:00,28.736323059082032
2021-03-07 04:00:00,29.177628326416016
2021-03-07 05:00:00,30.014537384033204
2021-03-07 06:00:00,26.674783203125003
2021-03-07 07:00:00,24.8417373046875
2021-03-07 08:00:00,23.82572247314453
2021-03-07 09:00:00,22.029535552978516
2021-03-07 10:00:00,19.810424072265626
2021-03-07 11:00:00,17.986128326416015
2021-03-07 12:00:00,16.068876525878906
2021-03-07 13:00:00,15.495560934066773
2021-03-07 14:00:00,14.756297241210937
2021-03-07 15:00:00,14.481619384765626
2021-03-07 16:00:00,15.255031509399414
2021-03-07 17:00:00,17.072813262939455
2021-03-07 18:00:00,19.08980291748047
2021-03-07 19:00:00,20.384978942871093
2021-03-07 20:00:00,22.838567520141602
2021-03-07 21:00:00,27.316116943359376
2021-03-07 22:00:00,29.381481201171873
2021-03-07 23:00:00,31.8990205078125
2021-03-08 00:00:00,31.135161865234373
2021-03-08 01:00:00,31.536868713378908
2021-03-08 02:00:00,35.91960174560547
2021-03-08 03:00:00,36.24775671386719
2021-03-08 04:00:00,38.36867590332031
2021-03-08 05:00:00,38.18899816894532
2021-03-08 06:00:00,36.754269409179685
2021-03-08 07:00:00,35.70493585205078
2021-03-08 08:00:00,31.636588012695313
2021-03-08 09:00:00,25.646834899902345
2021-03-08 10:00:00,21.746801147460936
2021-03-08 11:00:00,16.456077600479126
2021-03-08 12:00:00,16.4214539642334
2021-03-08 13:00:00,18.667704223632814
2021-03-08 14:00:00,17.867473518371582
2021-03-08 15:00:00,15.355476303100586
2021-03-08 16:00:00,14.589802703857423
2021-03-08 17:00:00,17.21076013183594
2021-03-08 18:00:00,22.195763610839844
2021-03-08 19:00:00,24.248733291625975
2021-03-08 20:00:00,27.403037605285643
2021-03-08 21:00:00,28.837948669433594
2021-03-08 22:00:00,31.488037628173828
2021-03-08 23:00:00,34.15118835449219
2021-03-09 00:00:00,32.93234313964844
2021-03-09 01:00:00,35.56126782226562
2021-03-09 02:00:00,36.587739685058594
2021-03-09 03:00:00,36.111339721679684
2021-03-09 04:00:00,38.05812536621094
2021-03-09 05:00:00,38.173986083984374
2021-03-09 06:00:00,34.720134277343746
2021-03-09 07:00:00,34.43617425537109
2021-03-09 08:00:00,32.04066613769531
2021-03-09 09:00:00,25.71928082275391
2021-03-09 10:00:00,18.250527893066405
2021-03-09 11:00:00,14.10058006286621
2021-03-09 12:00:00,12.689953079223633
2021-03-09 13:00:00,12.22986086845398
2021-03-09 14:00:00,10.709619300842284
2021-03-09 15:00:00,9.833416458129882
2021-03-09 16:00:00,9.400450019836425
2021-03-09 17:00:00,12.14993507385254
2021-03-09 18:00:00,15.951783584594727
2021-03-09 19:00:00,18.71226686096191
2021-03-09 20:00:00,22.07816369628906
2021-03-09 21:00:00,22.141565353393553
2021-03-09 22:00:00,29.337473236083987
2021-03-09 23:00:00,30.025627190589905
2021-03-10 00:00:00,32.66185221099853
2021-03-10 01:00:00,33.216468322753904
2021-03-10 02:00:00,33.806731445312494
2021-03-10 03:00:00,35.69495336914062
2021-03-10 04:00:00,34.225612915039065
2021-03-10 05:00:00,33.59794934082031
2021-03-10 06:00:00,31.25276300048828
2021-03-10 07:00:00,28.800467163085937
2021-03-10 08:00:00,24.00109945678711
2021-03-10 09:00:00,18.542578186035158
2021-03-10 10:00:00,15.915704345703126
2021-03-10 11:00:00,16.252864288330077
2021-03-10 12:00:00,17.92572103881836
2021-03-10 13:00:00,17.602146209716796
2021-03-10 14:00:00,16.83569970703125
2021-03-10 15:00:00,17.894732574462893
2021-03-10 16:00:00,16.978694549560547
2021-03-10 17:00:00,18.207777130126956
2021-03-10 18:00:00,23.946049987792968
2021-03-10 19:00:00,27.632578674316406
2021-03-10 20:00:00,30.80131201171875
2021-03-10 21:00:00,30.218681030273437
2021-03-10 22:00:00,33.19434387207031
2021-03-10 23:00:00,34.07366571044922
2021-03-11 00:00:00,33.222490539550776
2021-03-11 01:00:00,33.68212396240234
2021-03-11 02:00:00,34.56359210205078
2021-03-11 03:00:00,35.93200885009766
2021-03-11 04:00:00,37.779444091796876
2021-03-11 05:00:00,37.818314453125
2021-03-11 06:00:00,37.17632177734375
2021-03-11 07:00:00,34.68953341674805
2021-03-11 08:00:00,31.881250061035153
2021-03-11 09:00:00,27.668812805175783
2021-03-11 10:00:00,21.895263092041013
2021-03-11 11:00:00,17.504005294799803
2021-03-11 12:00:00,13.825819778442384
2021-03-11 13:00:00,11.916272239685059
2021-03-11 14:00:00,10.127393302917481
2021-03-11 15:00:00,9.640518730163574
2021-03-11 16:00:00,12.15639047241211
2021-03-11 17:00:00,15.671480979919433
2021-03-11 18:00:00,18.091122344970703
2021-03-11 19:00:00,20.26178439331055
2021-03-11 20:00:00,22.13957073974609
2021-03-11 21:00:00,24.72555731201172
2021-03-11 22:00:00,27.429032165527346
2021-03-11 23:00:00,29.43968176269531
2021-03-12 00:00:00,30.743997009277344
2021-03-12 01:00:00,31.22051184082031
2021-03-12 02:00:00,32.214058593749996
2021-03-12 03:00:00,33.504504272460935
2021-03-12 04:00:00,33.877755859375
2021-03-12 05:00:00,34.30284997558594
2021-03-12 06:00:00,32.38908953857422
2021-03-12 07:00:00,30.065761596679685
2021-03-12 08:00:00,25.314112182617187
2021-03-12 09:00:00,17.439028045654297
2021-03-12 10:00:00,13.199621299743653
2021-03-12 11:00:00,11.217845462799072
2021-03-12 12:00:00,9.899031497955322
2021-03-12 13:00:00,8.974555534362793
2021-03-12 14:00:00,6.4080969429016115
2021-03-12 15:00:00,5.194005615234374
2021-03-12 16:00:00,5.371358078002929
2021-03-12 17:00:00,7.10534366607666
2021-03-12 18:00:00,11.985192888736725
2021-03-12 19:00:00,14.61533854675293
2021-03-12 20:00:00,17.241701110839845
2021-03-12 21:00:00,20.441758300781252
2021-03-12 22:00:00,21.570895721435548
2021-03-12 23:00:00,22.189601776123048
2021-03-13 00:00:00,23.44020227050781
2021-03-13 01:00:00,24.065489227294922
2021-03-13 02:00:00,23.829463195800784
2021-03-13 03:00:00,24.762601440429687
2021-03-13 04:00:00,25.562266723632813
2021-03-13 05:00:00,25.879471435546876
2021-03-13 06:00:00,23.45470083618164
2021-03-13 07:00:00,23.42350061035156
2021-03-13 08:00:00,19.523336791992186
2021-03-13 09:00:00,17.13339877319336
2021-03-13 10:00:00,15.046515846252442
2021-03-13 11:00:00,14.552935174942018
2021-03-13 12:00:00,13.796181793212892
2021-03-13 13:00:00,12.565216445922852
2021-03-13 14:00:00,12.26238268852234
2021-03-13 15:00:00,14.549972091674803
2021-03-13 16:00:00,16.702427028656004
2021-03-13 17:00:00,18.619751953125
2021-03-13 18:00:00,19.88354397583008
2021-03-13 19:00:00,22.25999670410156
2021-03-13 20:00:00,23.26639080810547
2021-03-13 21:00:00,28.377839965820314
2021-03-13 22:00:00,28.00694994354248
2021-03-13 23:00:00,28.203361389160158
2021-03-14 00:00:00,31.510596557617188
2021-03-14 01:00:00,30.036794311523437
2021-03-14 02:00:00,30.601584609985352
2021-03-14 03:00:00,32.4008218383789
2021-03-14 04:00:00,30.9552919921875
2021-03-14 05:00:00,31.20977600097656
2021-03-14 06:00:00,28.784927001953125
2021-03-14 07:00:00,27.139016967773436
2021-03-14 08:00:00,25.26383932495117
2021-03-14 09:00:00,21.36378973388672
2021-03-14 10:00:00,19.139265228271483
2021-03-14 11:00:00,17.00851968383789
2021-03-14 12:00:00,15.449599243164062
2021-03-14 13:00:00,13.987862762451172
2021-03-14 14:00:00,10.173159889221191
2021-03-14 15:00:00,8.190308280944823
2021-03-14 16:00:00,9.353584411621094
2021-03-14 17:00:00,10.9724552154541
2021-03-14 18:00:00,15.404012863159181
2021-03-14 19:00:00,19.739183670043946
2021-03-14 20:00:00,21.475801940917968
2021-03-14 21:00:00,23.763714416503905
2021-03-14 22:00:00,24.573354553222657
2021-03-14 23:00:00,26.629344299316408
2021-03-15 00:00:00,28.26301986694336
2021-03-15 01:00:00,28.88287438964844
2021-03-15 02:00:00,29.85691064453125
2021-03-15 03:00:00,29.917653808593748
2021-03-15 04:00:00,30.283779815673828
2021-03-15 05:00:00,30.90366033935547
2021-03-15 06:00:00,28.25675842285156
2021-03-15 07:00:00,25.941032775878906
2021-03-15 08:00:00,22.77363171386719
2021-03-15 09:00:00,17.77684312438965
2021-03-15 10:00:00,12.140856430053711
2021-03-15 11:00:00,10.477518363952637
2021-03-15 12:00:00,10.97844989824295
2021-03-15 13:00:00,9.931709320068359
2021-03-15 14:00:00,9.539733833312988
2021-03-15 15:00:00,7.997036651611328
2021-03-15 16:00:00,8.688061233520507
2021-03-15 17:00:00,11.13463879776001
2021-03-15 18:00:00,13.544015792846679
2021-03-15 19:00:00,16.530866790771483
2021-03-15 20:00:00,17.498902084350583
2021-03-15 21:00:00,18.031819067001344
2021-03-15 22:00:00,21.29701171875
2021-03-15 23:00:00,22.679958374023435
2021-03-16 00:00:00,24.556666259765624
2021-03-16 01:00:00,25.41859558105469
2021-03-16 02:00:00,26.534915283203127
2021-03-16 03:00:00,28.240554443359375
2021-03-16 04:00:00,28.793130065917968
2021-03-16 05:00:00,28.578711959838866
2021-03-16 06:00:00,28.605097305297853
2021-03-16 07:00:00,29.94965338134766
2021-03-16 08:00:00,27.735966674804686
2021-03-16 09:00:00,21.66163479614258
2021-03-16 10:00:00,17.557712108612062
2021-03-16 11:00:00,15.303243179321289
2021-03-16 12:00:00,16.371102920532227
2021-03-16 13:00:00,14.661539245605468
2021-03-16 14:00:00,12.383261329650878
2021-03-16 15:00:00,13.34503006362915
2021-03-16 16:00:00,14.624088806152344
2021-03-16 17:00:00,16.158510162353515
2021-03-16 18:00:00,21.137563385009766
2021-03-16 19:00:00,22.155119140625
2021-03-16 20:00:00,22.323152587890625
2021-03-16 21:00:00,24.455221164703367
2021-03-16 22:00:00,23.630536804199217
2021-03-16 23:00:00,26.926148681640626
2021-03-17 00:00:00,28.962202697753906
2021-03-17 01:00:00,29.605931945800783
2021-03-17 02:00:00,30.168506118774417
2021-03-17 03:00:00,32.1563837890625
2021-03-17 04:00:00,34.1385297241211
2021-03-17 05:00:00,33.09154479980469
2021-03-17 06:00:00,31.487680114746095
2021-03-17 07:00:00,28.531835205078124
2021-03-17 08:00:00,25.50156646728516
2021-03-17 09:00:00,21.225823913574217
2021-03-17 10:00:00,19.27922068786621
2021-03-17 11:00:00,16.01169021606445
2021-03-17 12:00:00,12.952964228630066
2021-03-17 13:00:00,14.013547485351562
2021-03-17 14:00:00,11.969738121032716
2021-03-17 15:00:00,9.782028366088866
2021-03-17 16:00:00,8.589749053955078
2021-03-17 17:00:00,9.974658996582033
2021-03-17 18:00:00,13.332982696533204
2021-03-17 19:00:00,16.514076583862305
2021-03-17 20:00:00,20.449677642822266
2021-03-17 21:00:00,21.83791778564453
2021-03-17 22:00:00,24.814996459960938
2021-03-17 23:00:00,26.543341018676756
2021-03-18 00:00:00,27.850311614990236
2021-03-18 01:00:00,28.63724920654297
2021-03-18 02:00:00,28.800902282714844
2021-03-18 03:00:00,31.296837280273436
2021-03-18 04:00:00,29.951115234375
2021-03-18 05:00:00,30.42242224121094
2021-03-18 06:00:00,28.08038317871094
2021-03-18 07:00:00,26.299294670104977
2021-03-18 08:00:00,21.24039053344727
2021-03-18 09:00:00,14.249552368164062
2021-03-18 10:00:00,12.936544555664062
2021-03-18 11:00:00,11.55086384010315
2021-03-18 12:00:00,11.983371673583985
2021-03-18 13:00:00,12.517262016296385
2021-03-18 14:00:00,10.959404920578002
2021-03-18 15:00:00,10.68843628334999
2021-03-18 16:00:00,11.681932319641113
2021-03-18 17:00:00,15.049352291107178
2021-03-18 18:00:00,19.533685363769532
2021-03-18 19:00:00,18.21279373168945
2021-03-18 20:00:00,20.894748931884763
2021-03-18 21:00:00,22.325000000000003
2021-03-18 22:00:00,23.751099182128904
2021-03-18 23:00:00,25.643187072753904
2021-03-19 00:00:00,27.05972344970703
2021-03-19 01:00:00,27.72385314941406
2021-03-19 02:00:00,28.60630145263672
2021-03-19 03:00:00,28.38726062011719
2021-03-19 04:00:00,28.76354119873047
2021-03-19 05:00:00,29.56996105957031
2021-03-19 06:00:00,29.088210388183594
2021-03-19 07:00:00,25.996655670166014
2021-03-19 08:00:00,23.635618896484374
2021-03-19 09:00:00,19.857432403564452
2021-03-19 10:00:00,16.950743286132813
2021-03-19 11:00:00,16.65499603652954
2021-03-19 12:00:00,16.16825791931152
2021-03-19 13:00:00,15.436103775024414
2021-03-19 14:00:00,13.450372451782226
2021-03-19 15:00:00,13.224157096862793
2021-03-19 16:00:00,13.568571395874024
2021-03-19 17:00:00,14.33591896057129
2021-03-19 18:00:00,16.561008407592773
2021-03-19 19:00:00,18.445234832763674
2021-03-19 20:00:00,20.908077362060546
2021-03-19 21:00:00,21.108879302978515
2021-03-19 22:00:00,23.713565368652347
2021-03-19 23:00:00,27.57174188232422
2021-03-20 00:00:00,31.72912030029297
2021-03-20 01:00:00,32.3364471282959
2021-03-20 02:00:00,34.370338256835936
2021-03-20 03:00:00,38.568033325195316
2021-03-20 04:00:00,37.000831237792966
2021-03-20 05:00:00,38.90910040283203
2021-03-20 06:00:00,35.89580062866211
2021-03-20 07:00:00,32.59622857666015
2021-03-20 08:00:00,27.65831378173828
2021-03-20 09:00:00,18.30400161743164
2021-03-20 10:00:00,12.874508560180665
2021-03-20 11:00:00,11.032955581665039
2021-03-20 12:00:00,9.757611057281494
2021-03-20 13:00:00,8.77607925415039
2021-03-20 14:00:00,6.470042774200439
2021-03-20 15:00:00,6.337835754394531
2021-03-20 16:00:00,6.682419555664063
2021-03-20 17:00:00,7.948083419799805
2021-03-20 18:00:00,11.254514602661132
2021-03-20 19:00:00,13.429771591186523
2021-03-20 20:00:00,16.08625177001953
2021-03-20 21:00:00,18.53356655883789
2021-03-20 22:00:00,20.83928109741211
2021-03-20 23:00:00,23.908688232421873
2021-03-21 00:00:00,26.05651606750488
2021-03-21 01:00:00,28.77333050918579
2021-03-21 02:00:00,28.66977100372314
2021-03-21 03:00:00,29.996999702453614
2021-03-21 04:00:00,32.134499832153324
2021-03-21 05:00:00,34.20465231323242
2021-03-21 06:00:00,29.879414794921875
2021-03-21 07:00:00,28.13434780883789
2021-03-21 08:00:00,23.80478823852539
2021-03-21 09:00:00,12.992725830078125
2021-03-21 10:00:00,9.049825941085816
2021-03-21 11:00:00,7.960943502902985
2021-03-21 12:00:00,7.408124000549316
2021-03-21 13:00:00,7.2764993743896484
2021-03-21 14:00:00,4.701654008865356
2021-03-21 15:00:00,3.9100412521362307
2021-03-21 16:00:00,3.7506317138671874
2021-03-21 17:00:00,4.333651603698731
2021-03-21 18:00:00,7.3384357299804694
2021-03-21 19:00:00,11.382692737579346
2021-03-21 20:00:00,13.622123069763184
2021-03-21 21:00:00,15.755804595947266
2021-03-21 22:00:00,18.34788136291504
2021-03-21 23:00:00,20.30460189819336
2021-03-22 00:00:00,23.174095458984375
2021-03-22 01:00:00,25.749074966430666
2021-03-22 02:00:00,26.404964202880862
2021-03-22 03:00:00,30.53837185668945
2021-03-22 04:00:00,29.54546124267578
2021-03-22 05:00:00,29.781763549804687
2021-03-22 06:00:00,26.04489334106445
2021-03-22 07:00:00,23.46796469116211
2021-03-22 08:00:00,17.019745025634766
2021-03-22 09:00:00,12.196008987426758
2021-03-22 10:00:00,5.6500228424072265
2021-03-22 11:00:00,3.748888580322266
2021-03-22 12:00:00,2.815734622955322
2021-03-22 13:00:00,2.6572779273986815
2021-03-22 14:00:00,2.2760674514770507
2021-03-22 15:00:00,1.4184184813499452
2021-03-22 16:00:00,1.039796012878418
2021-03-22 17:00:00,2.309746311187744
2021-03-22 18:00:00,4.700471973419189
2021-03-22 19:00:00,5.214125019073487
2021-03-22 20:00:00,7.463547763824463
2021-03-22 21:00:00,8.790492477416992
2021-03-22 22:00:00,12.653836708068848
2021-03-22 23:00:00,12.573496948242187
2021-03-23 00:00:00,17.92582289123535
2021-03-23 01:00:00,16.70923471069336
2021-03-23 02:00:00,17.625020889282226
2021-03-23 03:00:00,14.900132781982421
2021-03-23 04:00:00,15.010125595092774
2021-03-23 05:00:00,15.178481643676758
2021-03-23 06:00:00,12.780502944946289
2021-03-23 07:00:00,19.327616302490235
2021-03-23 08:00:00,12.779239868164062
2021-03-23 09:00:00,6.104886505126953
2021-03-23 10:00:00,4.872998399734497
2021-03-23 11:00:00,2.3623224334716797
2021-03-23 12:00:00,2.04595747756958
2021-03-23 13:00:00,1.632777843475342
2021-03-23 14:00:00,0.8552545318603515
2021-03-23 15:00:00,1.4966415672302245
2021-03-23 16:00:00,1.6127624664306641
2021-03-23 17:00:00,2.6071282958984376
2021-03-23 18:00:00,4.103414428710938
2021-03-23 19:00:00,5.04041958618164
2021-03-23 20:00:00,6.5458091964721685
2021-03-23 21:00:00,9.347720520019532
2021-03-23 22:00:00,10.016932006835937
2021-03-23 23:00:00,10.486044303894044
2021-03-24 00:00:00,11.436217529296876
2021-03-24 01:00:00,12.741865020751954
2021-03-24 02:00:00,14.224725982666016
2021-03-24 03:00:00,14.880905364990234
2021-03-24 04:00:00,15.23270573425293
2021-03-24 05:00:00,15.270790237426757
2021-03-24 06:00:00,13.740124584197996
2021-03-24 07:00:00,12.672334716796875
2021-03-24 08:00:00,10.69622932434082
2021-03-24 09:00:00,8.255147241592407
2021-03-24 10:00:00,7.117530796766282
2021-03-24 11:00:00,6.538055404663086
2021-03-24 12:00:00,9.243427822113038
2021-03-24 13:00:00,8.058412780761719
2021-03-24 14:00:00,9.2716805229187
2021-03-24 15:00:00,7.8491496696472165
2021-03-24 16:00:00,7.476606001853943
2021-03-24 17:00:00,6.267760154724121
2021-03-24 18:00:00,10.446876407623291
2021-03-24 19:00:00,12.747547180175781
2021-03-24 20:00:00,15.164013229370116
2021-03-24 21:00:00,20.921519309997556
2021-03-24 22:00:00,26.789327159881594
2021-03-24 23:00:00,29.10835565185547
2021-03-25 00:00:00,30.631000854492186
2021-03-25 01:00:00,28.526559936523437
2021-03-25 02:00:00,29.276331604003907
2021-03-25 03:00:00,29.276724914550783
2021-03-25 04:00:00,31.922820983886716
2021-03-25 05:00:00,31.264724365234372
2021-03-25 06:00:00,28.84397412109375
2021-03-25 07:00:00,27.93139944458008
2021-03-25 08:00:00,24.381815307617188
2021-03-25 09:00:00,18.64258987426758
2021-03-25 10:00:00,15.700358306884766
2021-03-25 11:00:00,14.551588928222657
2021-03-25 12:00:00,13.16305535888672
2021-03-25 13:00:00,13.119564239501953
2021-03-25 14:00:00,11.885556135177612
2021-03-25 15:00:00,12.113494918823243
2021-03-25 16:00:00,10.325611610412597
2021-03-25 17:00:00,12.435661697387694
2021-03-25 18:00:00,17.332997772216796
2021-03-25 19:00:00,20.38458142089844
2021-03-25 20:00:00,24.217013275146485
2021-03-25 21:00:00,24.291558471679686
2021-03-25 22:00:00,27.277433898925782
2021-03-25 23:00:00,29.26765948486328
2021-03-26 00:00:00,31.60967413330078
2021-03-26 01:00:00,32.384908935546875
2021-03-26 02:00:00,32.513519165039064
2021-03-26 03:00:00,33.625296936035156
2021-03-26 04:00:00,35.387509216308594
2021-03-26 05:00:00,33.9943275756836
2021-03-26 06:00:00,31.28258203125
2021-03-26 07:00:00,28.749028869628905
2021-03-26 08:00:00,22.761024414062497
2021-03-26 09:00:00,13.766121994018555
2021-03-26 10:00:00,10.982149871826172
2021-03-26 11:00:00,9.995849304676057
2021-03-26 12:00:00,8.355630767822266
2021-03-26 13:00:00,7.889615918159485
2021-03-26 14:00:00,6.007887470245361
2021-03-26 15:00:00,4.167493057250977
2021-03-26 16:00:00,3.860007367134094
2021-03-26 17:00:00,5.0246400604248045
2021-03-26 18:00:00,9.212160430908202
2021-03-26 19:00:00,13.8803544921875
2021-03-26 20:00:00,18.309847133636474
2021-03-26 21:00:00,19.834181640625
2021-03-26 22:00:00,22.507046630859378
2021-03-26 23:00:00,24.218319366455077
2021-03-27 00:00:00,28.268856872558594
2021-03-27 01:00:00,28.841018585205077
2021-03-27 02:00:00,28.27480780029297
2021-03-27 03:00:00,29.81540588378906
2021-03-27 04:00:00,29.886793762207034
2021-03-27 05:00:00,30.11238262939453
2021-03-27 06:00:00,25.889610900878907
2021-03-27 07:00:00,24.33302062988281
2021-03-27 08:00:00,20.80006527709961
2021-03-27 09:00:00,15.112060165405273
2021-03-27 10:00:00,12.311998039245605
2021-03-27 11:00:00,10.695691288471222
2021-03-27 12:00:00,9.311175025939942
2021-03-27 13:00:00,6.968607587814331
2021-03-27 14:00:00,5.303141195297242
2021-03-27 15:00:00,4.102150199890136
2021-03-27 16:00:00,4.422872734069824
2021-03-27 17:00:00,4.873902320861816
2021-03-27 18:00:00,8.68323115158081
2021-03-27 19:00:00,14.489749984741211
2021-03-27 20:00:00,18.001502227783206
2021-03-27 21:00:00,19.540275493621827
2021-03-27 22:00:00,21.608332611083984
2021-03-27 23:00:00,24.417654205322265
2021-03-28 00:00:00,27.97601727294922
2021-03-28 01:00:00,28.773342529296876
2021-03-28 02:00:00,31.633983367919924
2021-03-28 03:00:00,31.129869323730468
2021-03-28 04:00:00,31.78470166015625
2021-03-28 05:00:00,32.48107946777344
2021-03-28 06:00:00,31.55490014648438
2021-03-28 07:00:00,30.971131225585935
2021-03-28 08:00:00,20.502124084472655
2021-03-28 09:00:00,13.009139602661133
2021-03-28 10:00:00,8.940889587402344
2021-03-28 11:00:00,7.065948848724365
2021-03-28 12:00:00,5.935811017036438
2021-03-28 13:00:00,5.149386657714844
2021-03-28 14:00:00,4.209195554733276
2021-03-28 15:00:00,3.4796727738380433
2021-03-28 16:00:00,2.882601028442383
2021-03-28 17:00:00,3.8606796607971194
2021-03-28 18:00:00,7.2959654388427735
2021-03-28 19:00:00,10.590347618103028
2021-03-28 20:00:00,14.887157356262207
2021-03-28 21:00:00,17.01018112182617
2021-03-28 22:00:00,19.344877391815185
2021-03-28 23:00:00,20.022433029174806
2021-03-29 00:00:00,21.449643463134766
2021-03-29 01:00:00,23.755439880371092
2021-03-29 02:00:00,24.89493557739258
2021-03-29 03:00:00,21.43119973754883
2021-03-29 04:00:00,23.643930618286134
2021-03-29 05:00:00,24.421613647460937
2021-03-29 06:00:00,21.34956411743164
2021-03-29 07:00:00,20.934384071350095
2021-03-29 08:00:00,18.745463134765625
2021-03-29 09:00:00,13.89473445892334
2021-03-29 10:00:00,11.479371116638184
2021-03-29 11:00:00,9.054906921386719
2021-03-29 12:00:00,9.094162620544434
2021-03-29 13:00:00,11.007577926635744
2021-03-29 14:00:00,9.196336563110352
2021-03-29 15:00:00,8.525560920715332
2021-03-29 16:00:00,8.838180983543396
2021-03-29 17:00:00,12.035708801269532
2021-03-29 18:00:00,13.294102767944336
2021-03-29 19:00:00,13.715779815673827
2021-03-29 20:00:00,13.351984733581542
2021-03-29 21:00:00,17.185149963378905
2021-03-29 22:00:00,18.53185012817383
2021-03-29 23:00:00,19.910788360595703
2021-03-30 00:00:00,20.670995117187502
2021-03-30 01:00:00,22.939997100830077
2021-03-30 02:00:00,23.232156036376953
2021-03-30 03:00:00,26.23958073425293
2021-03-30 04:00:00,25.111602111816406
2021-03-30 05:00:00,27.69112713623047
2021-03-30 06:00:00,28.71968148803711
2021-03-30 07:00:00,24.620392089843747
2021-03-30 08:00:00,17.409331886291504
2021-03-30 09:00:00,9.218070999145507
2021-03-30 10:00:00,7.321386417388917
2021-03-30 11:00:00,5.412432548522949
2021-03-30 12:00:00,5.978688505172729
2021-03-30 13:00:00,5.137096130371093
2021-03-30 14:00:00,6.014316593170166
2021-03-30 15:00:00,5.3239970302581785
2021-03-30 16:00:00,3.8780920352935793
2021-03-30 17:00:00,4.52903889465332
2021-03-30 18:00:00,8.891468444824218
2021-03-30 19:00:00,11.690575546264649
2021-03-30 20:00:00,13.586863037109374
2021-03-30 21:00:00,16.034548065185547
2021-03-30 22:00:00,19.07817132568359
2021-03-30 23:00:00,18.791507232666014
2021-03-31 00:00:00,20.820571533203125
2021-03-31 01:00:00,21.51504849243164
2021-03-31 02:00:00,22.96932579040527
2021-03-31 03:00:00,25.229660247802734
2021-03-31 04:00:00,25.316150390624998
2021-03-31 05:00:00,28.608600341796876
2021-03-31 06:00:00,25.470588012695313
2021-03-31 07:00:00,21.855556549072265
2021-03-31 08:00:00,19.021827743530274
2021-03-31 09:00:00,11.717258995056152
2021-03-31 10:00:00,7.134815203666687
2021-03-31 11:00:00,4.859923782348632
2021-03-31 12:00:00,5.414786680221558
2021-03-31 13:00:00,3.5456084833145143
2021-03-31 14:00:00,2.472070854187012
2021-03-31 15:00:00,2.3605608482360836
2021-03-31 16:00:00,2.1701870498657225
2021-03-31 17:00:00,2.5811188201904294
2021-03-31 18:00:00,4.38270849609375
2021-03-31 19:00:00,9.363758144378663
2021-03-31 20:00:00,12.042542617797851
2021-03-31 21:00:00,15.782129135131836
2021-03-31 22:00:00,17.934296325683597
2021-03-31 23:00:00,19.913176528930663
2021-04-01 00:00:00,23.35930044555664
2021-04-01 01:00:00,25.97834274291992
2021-04-01 02:00:00,27.64638525390625
2021-04-01 03:00:00,28.690396118164063
2021-04-01 04:00:00,29.18066275024414
2021-04-01 05:00:00,28.055722534179687
2021-04-01 06:00:00,22.04208250617981
2021-04-01 07:00:00,25.71738279724121
2021-04-01 08:00:00,15.365494995117189
2021-04-01 09:00:00,5.496569725036621
2021-04-01 10:00:00,3.2977048568725587
2021-04-01 11:00:00,2.4005277881622313
2021-04-01 12:00:00,2.138895896911621
2021-04-01 13:00:00,2.0248717460632326
2021-04-01 14:00:00,0.7791321563720703
2021-04-01 15:00:00,0.2778807601928711
2021-04-01 16:00:00,0.5716614456176758
2021-04-01 17:00:00,1.163745635986328
2021-04-01 18:00:00,2.4427617797851564
2021-04-01 19:00:00,3.5201496925354006
2021-04-01 20:00:00,4.60040096282959
2021-04-01 21:00:00,7.7789313659667965
2021-04-01 22:00:00,13.478356765747069
2021-04-01 23:00:00,15.751107803344727
2021-04-02 00:00:00,19.412249008178712
2021-04-02 01:00:00,22.86308428955078
2021-04-02 02:00:00,23.384496337890624
2021-04-02 03:00:00,26.95911410522461
2021-04-02 04:00:00,27.586796356201173
2021-04-02 05:00:00,26.63940692138672
2021-04-02 06:00:00,25.456043701171875
2021-04-02 07:00:00,20.900541912078857
2021-04-02 08:00:00,9.760744537353515
2021-04-02 09:00:00,4.14706379699707
2021-04-02 10:00:00,1.9700160818099977
2021-04-02 11:00:00,1.0938535385131836
2021-04-02 12:00:00,0.7928708419799804
2021-04-02 13:00:00,0.3447277526855469
2021-04-02 14:00:00,0.010022813796997071
2021-04-02 15:00:00,0.0
2021-04-02 16:00:00,0.005675455570220948
2021-04-02 17:00:00,0.05276745223999023
2021-04-02 18:00:00,0.7595070495605469
2021-04-02 19:00:00,2.3237731170654294
2021-04-02 20:00:00,2.6604838638305663
2021-04-02 21:00:00,5.149082595825195
2021-04-02 22:00:00,7.65159748840332
2021-04-02 23:00:00,11.735747589111327
2021-04-03 00:00:00,11.945510299682617
2021-04-03 01:00:00,13.20257511138916
2021-04-03 02:00:00,19.622426834106445
2021-04-03 03:00:00,22.054575988769532
2021-04-03 04:00:00,25.8805986328125
2021-04-03 05:00:00,25.073379821777344
2021-04-03 06:00:00,26.468736083984375
2021-04-03 07:00:00,18.648038635253904
2021-04-03 08:00:00,11.193304389953614
2021-04-03 09:00:00,4.2477146358489986
2021-04-03 10:00:00,2.09325013923645
2021-04-03 11:00:00,1.978278408050537
2021-04-03 12:00:00,1.4621623840332032
2021-04-03 13:00:00,1.580282699584961
2021-04-03 14:00:00,1.6134125213623047
2021-04-03 15:00:00,1.4051281127929687
2021-04-03 16:00:00,1.381782527923584
2021-04-03 17:00:00,2.022671564102173
2021-04-03 18:00:00,5.016729240417481
2021-04-03 19:00:00,7.135340789794922
2021-04-03 20:00:00,8.805728103637694
2021-04-03 21:00:00,10.90802522468567
2021-04-03 22:00:00,12.536119262695312
2021-04-03 23:00:00,14.839206127166747
2021-04-04 00:00:00,16.99879962158203
2021-04-04 01:00:00,20.23730477142334
2021-04-04 02:00:00,18.59493011474609
2021-04-04 03:00:00,21.784959869384764
2021-04-04 04:00:00,22.111940406799313
2021-04-04 05:00:00,21.17237609863281
2021-04-04 06:00:00,18.20530158996582
2021-04-04 07:00:00,17.34292000961304
2021-04-04 08:00:00,14.14197428894043
2021-04-04 09:00:00,9.643289031982421
2021-04-04 10:00:00,8.61316868209839
2021-04-04 11:00:00,5.953763401031495
2021-04-04 12:00:00,3.343819221496582
2021-04-04 13:00:00,3.1042109756469727
2021-04-04 14:00:00,2.554896461486816
2021-04-04 15:00:00,2.807542861938477
2021-04-04 16:00:00,2.371312285900116
2021-04-04 17:00:00,3.0056786346435547
2021-04-04 18:00:00,5.842742637634277
2021-04-04 19:00:00,8.391503463745117
2021-04-04 20:00:00,9.94325177001953
2021-04-04 21:00:00,11.586330966949463
2021-04-04 22:00:00,12.579813934326172
2021-04-04 23:00:00,14.40531315612793
2021-04-05 00:00:00,17.40988005065918
2021-04-05 01:00:00,19.045325759887696
2021-04-05 02:00:00,21.99887005615234
2021-04-05 03:00:00,22.74980126953125
2021-04-05 04:00:00,25.698462738037108
2021-04-05 05:00:00,28.03819436645508
2021-04-05 06:00:00,26.07947698974609
2021-04-05 07:00:00,20.531715087890625
2021-04-05 08:00:00,15.920127006530763
2021-04-05 09:00:00,7.254418241500854
2021-04-05 10:00:00,3.7711105842590333
2021-04-05 11:00:00,2.0037112884521484
2021-04-05 12:00:00,1.9879848403930664
2021-04-05 13:00:00,2.438619888305664
2021-04-05 14:00:00,2.498035171508789
2021-04-05 15:00:00,3.1270451736450195
2021-04-05 16:00:00,5.925200065612794
2021-04-05 17:00:00,7.917040016174317
2021-04-05 18:00:00,11.570371677398683
2021-04-05 19:00:00,17.12035211181641
2021-04-05 20:00:00,18.043011846542356
2021-04-05 21:00:00,17.702009691238402
2021-04-05 22:00:00,19.03276675415039
2021-04-05 23:00:00,17.789656349182128
2021-04-06 00:00:00,19.53583514404297
2021-04-06 01:00:00,20.532968688964843
2021-04-06 02:00:00,21.247126831054686
2021-04-06 03:00:00,19.47449688720703
2021-04-06 04:00:00,22.302808456420898
2021-04-06 05:00:00,24.22654046630859
2021-04-06 06:00:00,21.888439575195314
2021-04-06 07:00:00,20.058656402587893
2021-04-06 08:00:00,11.91906593322754
2021-04-06 09:00:00,6.621529495239258
2021-04-06 10:00:00,4.696249298095703
2021-04-06 11:00:00,2.749984748840332
2021-04-06 12:00:00,2.5760231857299805
2021-04-06 13:00:00,2.184495820999145
2021-04-06 14:00:00,1.3520119285583496
2021-04-06 15:00:00,0.7763470802307129
2021-04-06 16:00:00,0.7542647819519043
2021-04-06 17:00:00,0.954463665008545
2021-04-06 18:00:00,1.6680165252685546
2021-04-06 19:00:00,2.6506051788330076
2021-04-06 20:00:00,5.1220917358398435
2021-04-06 21:00:00,6.796198093414306
2021-04-06 22:00:00,11.94448971939087
2021-04-06 23:00:00,13.185191497802734
2021-04-07 00:00:00,16.517423065185547
2021-04-07 01:00:00,17.872781677246095
2021-04-07 02:00:00,24.315757892608644
2021-04-07 03:00:00,22.23810464477539
2021-04-07 04:00:00,25.431587280273437
2021-04-07 05:00:00,20.316077835083007
2021-04-07 06:00:00,13.281562311887742
2021-04-07 07:00:00,9.759809959411621
2021-04-07 08:00:00,5.253665786743164
2021-04-07 09:00:00,2.0981815757751465
2021-04-07 10:00:00,1.0573382720947264
2021-04-07 11:00:00,0.9885835800170899
2021-04-07 12:00:00,0.4274212493896484
2021-04-07 13:00:00,0.2811510238647461
2021-04-07 14:00:00,0.0
2021-04-07 15:00:00,0.0
2021-04-07 16:00:00,0.0
2021-04-07 17:00:00,0.04400386428833008
2021-04-07 18:00:00,0.5746888732910156
2021-04-07 19:00:00,1.3047738800048827
2021-04-07 20:00:00,2.558255661010742
2021-04-07 21:00:00,3.060192886352539
2021-04-07 22:00:00,6.062677551269531
2021-04-07 23:00:00,8.352229232788087
2021-04-08 00:00:00,9.910874782562257
2021-04-08 01:00:00,10.635398651123047
2021-04-08 02:00:00,12.728047843933105
2021-04-08 03:00:00,15.75818878173828
2021-04-08 04:00:00,21.5027802734375
2021-04-08 05:00:00,18.236491592407226
2021-04-08 06:00:00,20.093601440429687
2021-04-08 07:00:00,15.464819244384765
2021-04-08 08:00:00,11.00259358215332
2021-04-08 09:00:00,4.282024337768554
2021-04-08 10:00:00,2.0949146986007694
2021-04-08 11:00:00,1.766972932815552
2021-04-08 12:00:00,2.3711817626953122
2021-04-08 13:00:00,1.9102670121192933
2021-04-08 14:00:00,1.371106246948242
2021-04-08 15:00:00,0.9421868743896484
2021-04-08 16:00:00,1.8368321895599364
2021-04-08 17:00:00,1.5109309577941894
2021-04-08 18:00:00,2.181444816589355
2021-04-08 19:00:00,3.5041339874267576
2021-04-08 20:00:00,5.24371216583252
2021-04-08 21:00:00,7.328477294921875
2021-04-08 22:00:00,10.497406135559082
2021-04-08 23:00:00,13.613559692382811
2021-04-09 00:00:00,13.043435256958007
2021-04-09 01:00:00,13.88819694519043
2021-04-09 02:00:00,17.00028001022339
2021-04-09 03:00:00,17.599937622070314
2021-04-09 04:00:00,20.987199005126953
2021-04-09 05:00:00,22.61576692199707
2021-04-09 06:00:00,21.780049476623535
2021-04-09 07:00:00,14.969049285888673
2021-04-09 08:00:00,13.643908058166502
2021-04-09 09:00:00,7.852010978698731
2021-04-09 10:00:00,2.89298087310791
2021-04-09 11:00:00,2.111911209106445
2021-04-09 12:00:00,1.9411603155136108
2021-04-09 13:00:00,1.8636004371643065
2021-04-09 14:00:00,1.3550137023925781
2021-04-09 15:00:00,1.6417502212524413
2021-04-09 16:00:00,1.2136198348999023
2021-04-09 17:00:00,1.7429015045166016
2021-04-09 18:00:00,2.490390037536621
2021-04-09 19:00:00,4.8223931655883785
2021-04-09 20:00:00,6.387588310241699
2021-04-09 21:00:00,9.178066284179687
2021-04-09 22:00:00,10.48694465637207
2021-04-09 23:00:00,12.948939804077149
2021-04-10 00:00:00,14.71549289226532
2021-04-10 01:00:00,15.365465713500976
2021-04-10 02:00:00,16.785733196258544
2021-04-10 03:00:00,17.10427840805054
2021-04-10 04:00:00,17.626282012939452
2021-04-10 05:00:00,17.90929672241211
2021-04-10 06:00:00,15.952612869262696
2021-04-10 07:00:00,14.32193879699707
2021-04-10 08:00:00,14.049175720214844
2021-04-10 09:00:00,12.159632774353028
2021-04-10 10:00:00,11.402504791259766
2021-04-10 11:00:00,8.808276882171631
2021-04-10 12:00:00,5.028203498840332
2021-04-10 13:00:00,4.232617797851562
2021-04-10 14:00:00,3.6255958099365238
2021-04-10 15:00:00,2.946049747467041
2021-04-10 16:00:00,3.8420234985351565
2021-04-10 17:00:00,4.202950790405273
2021-04-10 18:00:00,5.679204841613769
2021-04-10 19:00:00,7.691308250427246
2021-04-10 20:00:00,10.196192647933959
2021-04-10 21:00:00,12.80027272605896
2021-04-10 22:00:00,13.11697412109375
2021-04-10 23:00:00,15.690590316772461
2021-04-11 00:00:00,15.37820114517212
2021-04-11 01:00:00,14.47138921737671
2021-04-11 02:00:00,13.411440601348877
2021-04-11 03:00:00,15.001907209396363
2021-04-11 04:00:00,15.343099662780762
2021-04-11 05:00:00,15.575634216308593
2021-04-11 06:00:00,13.079759412765503
2021-04-11 07:00:00,10.29883606338501
2021-04-11 08:00:00,8.504035316467284
2021-04-11 09:00:00,4.62906088256836
2021-04-11 10:00:00,2.7983814926147463
2021-04-11 11:00:00,2.7321719207763673
2021-04-11 12:00:00,3.315419403076172
2021-04-11 13:00:00,3.1028581066131595
2021-04-11 14:00:00,2.880739555358887
2021-04-11 15:00:00,2.2452694549560546
2021-04-11 16:00:00,2.976416774749756
2021-04-11 17:00:00,2.753991073608398
2021-04-11 18:00:00,3.4828294949531555
2021-04-11 19:00:00,4.9085626220703125
2021-04-11 20:00:00,6.32323356628418
2021-04-11 21:00:00,7.1798778963088985
2021-04-11 22:00:00,10.016111461639404
2021-04-11 23:00:00,11.364975471496582
2021-04-12 00:00:00,14.480572372436523
2021-04-12 01:00:00,17.62529503631592
2021-04-12 02:00:00,18.02994515991211
2021-04-12 03:00:00,20.56834625244141
2021-04-12 04:00:00,21.843936767578125
2021-04-12 05:00:00,22.725167991638184
2021-04-12 06:00:00,20.13300286483765
2021-04-12 07:00:00,14.369241882324218
2021-04-12 08:00:00,10.186578582763673
2021-04-12 09:00:00,6.113348266601562
2021-04-12 10:00:00,4.666443206787109
2021-04-12 11:00:00,4.082478809356689
2021-04-12 12:00:00,3.846982971191406
2021-04-12 13:00:00,4.24822615814209
2021-04-12 14:00:00,4.403412227630615
2021-04-12 15:00:00,4.879933654785156
2021-04-12 16:00:00,5.16962939453125
2021-04-12 17:00:00,4.703438629150391
2021-04-12 18:00:00,5.56721802520752
2021-04-12 19:00:00,7.078381202697754
2021-04-12 20:00:00,8.139431394577027
2021-04-12 21:00:00,9.009496520996095
2021-04-12 22:00:00,11.469402076721192
2021-04-12 23:00:00,13.469754592895509
2021-04-13 00:00:00,14.40995146179199
2021-04-13 01:00:00,16.332125
2021-04-13 02:00:00,17.01092907714844
2021-04-13 03:00:00,16.3490502243042
2021-04-13 04:00:00,16.757241607666018
2021-04-13 05:00:00,16.923248626708983
2021-04-13 06:00:00,14.773742095947267
2021-04-13 07:00:00,11.497680091857909
2021-04-13 08:00:00,12.995032684326173
2021-04-13 09:00:00,9.693820083618164
2021-04-13 10:00:00,7.181388442993164
2021-04-13 11:00:00,8.676546188354493
2021-04-13 12:00:00,15.690878479003906
2021-04-13 13:00:00,17.64453509521484
2021-04-13 14:00:00,13.030535903930664
2021-04-13 15:00:00,14.099814323425292
2021-04-13 16:00:00,11.192705142974853
2021-04-13 17:00:00,10.28342889404297
2021-04-13 18:00:00,12.357687606811524
2021-04-13 19:00:00,15.250456497192383
2021-04-13 20:00:00,19.386554679870606
2021-04-13 21:00:00,22.388863739013672
2021-04-13 22:00:00,26.12336708831787
2021-04-13 23:00:00,27.83993914794922
2021-04-14 00:00:00,30.426752655029297
2021-04-14 01:00:00,30.891141357421873
2021-04-14 02:00:00,36.430823913574216
2021-04-14 03:00:00,31.9037275390625
2021-04-14 04:00:00,34.24105938720703
2021-04-14 05:00:00,35.26709619140625
2021-04-14 06:00:00,32.17168420410156
2021-04-14 07:00:00,27.00811895751953
2021-04-14 08:00:00,18.186673095703124
2021-04-14 09:00:00,9.747362327575683
2021-04-14 10:00:00,7.285978881835938
2021-04-14 11:00:00,6.314978744506837
2021-04-14 12:00:00,4.7098954467773435
2021-04-14 13:00:00,4.767442741394043
2021-04-14 14:00:00,3.548679916381836
2021-04-14 15:00:00,2.4573093299865723
2021-04-14 16:00:00,2.448351410865784
2021-04-14 17:00:00,3.270002197265625
2021-04-14 18:00:00,7.07117451095581
2021-04-14 19:00:00,9.873636924743654
2021-04-14 20:00:00,11.292387720108032
2021-04-14 21:00:00,13.479913803100587
2021-04-14 22:00:00,16.180313903808596
2021-04-14 23:00:00,16.70999368286133
2021-04-15 00:00:00,22.769107299804688
2021-04-15 01:00:00,25.488572021484373
2021-04-15 02:00:00,25.593334838867186
2021-04-15 03:00:00,26.531592346191406
2021-04-15 04:00:00,27.0061340637207
2021-04-15 05:00:00,27.649844970703125
2021-04-15 06:00:00,24.45737365722656
2021-04-15 07:00:00,22.35781771850586
2021-04-15 08:00:00,19.790481048583985
2021-04-15 09:00:00,13.899769653320313
2021-04-15 10:00:00,12.64129337310791
2021-04-15 11:00:00,11.098610264778138
2021-04-15 12:00:00,8.781902970075606
2021-04-15 13:00:00,7.849400146484375
2021-04-15 14:00:00,8.097274250030518
2021-04-15 15:00:00,11.193602348327637
2021-04-15 16:00:00,12.177625999450683
2021-04-15 17:00:00,12.404131217956543
2021-04-15 18:00:00,14.513752061843872
2021-04-15 19:00:00,16.385338623046877
2021-04-15 20:00:00,19.643423950195313
2021-04-15 21:00:00,21.523969696044922
2021-04-15 22:00:00,23.15319369506836
2021-04-15 23:00:00,25.085001037597657
2021-04-16 00:00:00,24.744755737304686
2021-04-16 01:00:00,27.441416748046876
2021-04-16 02:00:00,27.927351135253907
2021-04-16 03:00:00,28.076235717773436
2021-04-16 04:00:00,28.42143103027344
2021-04-16 05:00:00,29.558525772094725
2021-04-16 06:00:00,26.011000640869142
2021-04-16 07:00:00,22.038524566650388
2021-04-16 08:00:00,15.163599243164063
2021-04-16 09:00:00,9.95530376815796
2021-04-16 10:00:00,7.64488873398304
2021-04-16 11:00:00,6.550585144042969
2021-04-16 12:00:00,4.21985436630249
2021-04-16 13:00:00,3.9323391399383545
2021-04-16 14:00:00,4.654796208620072
2021-04-16 15:00:00,4.335677406311035
2021-04-16 16:00:00,3.8565031471252444
2021-04-16 17:00:00,5.011208969116211
2021-04-16 18:00:00,10.800771530151367
2021-04-16 19:00:00,12.024634868621826
2021-04-16 20:00:00,15.237863647460937
2021-04-16 21:00:00,19.671437713623046
2021-04-16 22:00:00,20.76525033569336
2021-04-16 23:00:00,24.454898712158204
2021-04-17 00:00:00,26.017646530151367
2021-04-17 01:00:00,28.83749304199219
2021-04-17 02:00:00,29.50080207824707
2021-04-17 03:00:00,31.599180114746094
2021-04-17 04:00:00,30.024420166015624
2021-04-17 05:00:00,30.847220886230467
2021-04-17 06:00:00,26.748079864501953
2021-04-17 07:00:00,21.661360412597656
2021-04-17 08:00:00,15.634813865661622
2021-04-17 09:00:00,9.939877808570863
2021-04-17 10:00:00,8.51200304222107
2021-04-17 11:00:00,6.355061016082764
2021-04-17 12:00:00,4.824634353637695
2021-04-17 13:00:00,3.6736682834625243
2021-04-17 14:00:00,2.7024783782958983
2021-04-17 15:00:00,2.148898536682129
2021-04-17 16:00:00,3.5243309936523435
2021-04-17 17:00:00,3.9569051074981694
2021-04-17 18:00:00,6.026050241470337
2021-04-17 19:00:00,7.482983215332031
2021-04-17 20:00:00,10.701409353256226
2021-04-17 21:00:00,15.310219909667968
2021-04-17 22:00:00,17.355120849609378
2021-04-17 23:00:00,19.935246307373045
2021-04-18 00:00:00,24.051453491210935
2021-04-18 01:00:00,26.995900207519533
2021-04-18 02:00:00,26.874136016845704
2021-04-18 03:00:00,28.338109313964843
2021-04-18 04:00:00,28.610399322509764
2021-04-18 05:00:00,30.03053582763672
2021-04-18 06:00:00,29.481931701660155
2021-04-18 07:00:00,21.211258361816405
2021-04-18 08:00:00,15.056899291992188
2021-04-18 09:00:00,8.252315555572508
2021-04-18 10:00:00,6.333805074691773
2021-04-18 11:00:00,4.239946520805359
2021-04-18 12:00:00,2.719554724752903
2021-04-18 13:00:00,1.6667267456054686
2021-04-18 14:00:00,1.3106287078857424
2021-04-18 15:00:00,1.5014283676147462
2021-04-18 16:00:00,1.9246854553222656
2021-04-18 17:00:00,2.7019409799575804
2021-04-18 18:00:00,4.227089626312256
2021-04-18 19:00:00,5.2704175815582275
2021-04-18 20:00:00,8.064728458404542
2021-04-18 21:00:00,11.874808425903321
2021-04-18 22:00:00,14.845572319030762
2021-04-18 23:00:00,16.372637954711912
2021-04-19 00:00:00,19.155984161376956
2021-04-19 01:00:00,22.030771034240722
2021-04-19 02:00:00,26.17315689086914
2021-04-19 03:00:00,25.6165744934082
2021-04-19 04:00:00,25.6694787902832
2021-04-19 05:00:00,27.519804443359376
2021-04-19 06:00:00,25.048909759521486
2021-04-19 07:00:00,17.092933929443358
2021-04-19 08:00:00,14.382687393188476
2021-04-19 09:00:00,6.361679374694824
2021-04-19 10:00:00,3.2820033378601075
2021-04-19 11:00:00,1.8874944686889648
2021-04-19 12:00:00,2.6048305664062497
2021-04-19 13:00:00,2.926337905883789
2021-04-19 14:00:00,1.54663427734375
2021-04-19 15:00:00,1.0412346801757812
2021-04-19 16:00:00,0.6505906372070313
2021-04-19 17:00:00,1.2916191940307615
2021-04-19 18:00:00,2.7286066131591795
2021-04-19 19:00:00,5.073909027099609
2021-04-19 20:00:00,7.409758146286011
2021-04-19 21:00:00,9.316681663036347
2021-04-19 22:00:00,9.91675333404541
2021-04-19 23:00:00,12.578381454467774
2021-04-20 00:00:00,15.245427352905274
2021-04-20 01:00:00,16.30669613647461
2021-04-20 02:00:00,17.057024963378908
2021-04-20 03:00:00,20.09515179443359
2021-04-20 04:00:00,20.590499389648436
2021-04-20 05:00:00,22.40933708190918
2021-04-20 06:00:00,20.393882064819337
2021-04-20 07:00:00,13.988406429290771
2021-04-20 08:00:00,9.82035912322998
2021-04-20 09:00:00,4.988206792831421
2021-04-20 10:00:00,4.222037948608398
2021-04-20 11:00:00,2.7009770202636716
2021-04-20 12:00:00,2.963557495951653
2021-04-20 13:00:00,3.8347986297607424
2021-04-20 14:00:00,3.260109405517578
2021-04-20 15:00:00,3.2512050685882565
2021-04-20 16:00:00,2.932454284667969
2021-04-20 17:00:00,2.7983922781944277
2021-04-20 18:00:00,3.371699203491211
2021-04-20 19:00:00,5.036171531677246
2021-04-20 20:00:00,6.313089416503907
2021-04-20 21:00:00,8.379563018798828
2021-04-20 22:00:00,9.311027313232422
2021-04-20 23:00:00,11.433671279907227
2021-04-21 00:00:00,16.02390205383301
2021-04-21 01:00:00,18.710104782104494
2021-04-21 02:00:00,19.337296951293943
2021-04-21 03:00:00,20.217149291992186
2021-04-21 04:00:00,20.474272674560545
2021-04-21 05:00:00,23.68539195251465
2021-04-21 06:00:00,22.9017787399292
2021-04-21 07:00:00,12.946076011657716
2021-04-21 08:00:00,8.352554664611816
2021-04-21 09:00:00,4.319910499572753
2021-04-21 10:00:00,1.1720666809082032
2021-04-21 11:00:00,0.927305281162262
2021-04-21 12:00:00,1.380089698791504
2021-04-21 13:00:00,1.2814140529632567
2021-04-21 14:00:00,0.5906088714599609
2021-04-21 15:00:00,0.34464891052246094
2021-04-21 16:00:00,0.43621011352539063
2021-04-21 17:00:00,0.4041799774169922
2021-04-21 18:00:00,0.9465293655395508
2021-04-21 19:00:00,2.595643955230713
2021-04-21 20:00:00,4.361507267951965
2021-04-21 21:00:00,5.665166450500489
2021-04-21 22:00:00,6.4451104888916015
2021-04-21 23:00:00,9.49871964263916
2021-04-22 00:00:00,14.768317461013794
2021-04-22 01:00:00,13.354874145507813
2021-04-22 02:00:00,16.01172543334961
2021-04-22 03:00:00,19.119915557861326
2021-04-22 04:00:00,19.60933977603912
2021-04-22 05:00:00,21.26413977050781
2021-04-22 06:00:00,19.94149887084961
2021-04-22 07:00:00,10.67098910188675
2021-04-22 08:00:00,7.680332427978516
2021-04-22 09:00:00,2.560413238525391
2021-04-22 10:00:00,0.7533850402832032
2021-04-22 11:00:00,0.7797843017578125
2021-04-22 12:00:00,0.7701929626464844
2021-04-22 13:00:00,0.5340513610839843
2021-04-22 14:00:00,0.4045688512325287
2021-04-22 15:00:00,0.33187758588790894
2021-04-22 16:00:00,0.2073419952392578
2021-04-22 17:00:00,0.13680430603027344
2021-04-22 18:00:00,0.9327976760864258
2021-04-22 19:00:00,2.940037419319153
2021-04-22 20:00:00,3.885533706665039
2021-04-22 21:00:00,5.15249494934082
2021-04-22 22:00:00,6.364475059509278
2021-04-22 23:00:00,7.7900245513916015
2021-04-23 00:00:00,12.383322875976562
2021-04-23 01:00:00,13.206846369743346
2021-04-23 02:00:00,16.948167877197264
2021-04-23 03:00:00,18.668718231201172
2021-04-23 04:00:00,19.425810066223143
2021-04-23 05:00:00,21.50874499511719
2021-04-23 06:00:00,18.222439605712893
2021-04-23 07:00:00,11.39523690032959
2021-04-23 08:00:00,7.246787925720215
2021-04-23 09:00:00,2.419839942932129
2021-04-23 10:00:00,1.1074472694396973
2021-04-23 11:00:00,0.5816715774536132
2021-04-23 12:00:00,0.4638726959228516
2021-04-23 13:00:00,0.6703549499511718
2021-04-23 14:00:00,0.5294831619262694
2021-04-23 15:00:00,0.09601852798461914
2021-04-23 16:00:00,0.08755963516235352
2021-04-23 17:00:00,0.05006016731262207
2021-04-23 18:00:00,0.48919593811035156
2021-04-23 19:00:00,1.7179751129150391
2021-04-23 20:00:00,3.3136920013427735
2021-04-23 21:00:00,4.535564865112304
2021-04-23 22:00:00,5.251764259338379
2021-04-23 23:00:00,6.712192523002624
2021-04-24 00:00:00,7.959233535766602
2021-04-24 01:00:00,10.719821182250977
2021-04-24 02:00:00,9.844537231445312
2021-04-24 03:00:00,11.916882690429688
2021-04-24 04:00:00,12.466195373535156
2021-04-24 05:00:00,12.556502790451049
2021-04-24 06:00:00,12.486339691162108
2021-04-24 07:00:00,8.641218379974365
2021-04-24 08:00:00,4.9694176826477054
2021-04-24 09:00:00,1.3036525535583496
2021-04-24 10:00:00,0.6414531173706055
2021-04-24 11:00:00,0.3603155517578125
2021-04-24 12:00:00,0.3378802490234375
2021-04-24 13:00:00,0.44420355224609376
2021-04-24 14:00:00,0.1354829406738281
2021-04-24 15:00:00,0.0
2021-04-24 16:00:00,0.0
2021-04-24 17:00:00,0.041859996795654296
2021-04-24 18:00:00,0.6086306915283203
2021-04-24 19:00:00,1.4126391372680662
2021-04-24 20:00:00,2.4514620323181155
2021-04-24 21:00:00,3.7754676094055175
2021-04-24 22:00:00,4.357449768066406
2021-04-24 23:00:00,5.4595077667236325
2021-04-25 00:00:00,6.061218292236328
2021-04-25 01:00:00,7.474394165039063
2021-04-25 02:00:00,8.030289001464844
2021-04-25 03:00:00,8.082120087623597
2021-04-25 04:00:00,8.545361064910889
2021-04-25 05:00:00,9.219392147064209
2021-04-25 06:00:00,6.8869191284179685
2021-04-25 07:00:00,5.934779418945313
2021-04-25 08:00:00,4.363687026977539
2021-04-25 09:00:00,2.1094147243499757
2021-04-25 10:00:00,1.3390268154144287
2021-04-25 11:00:00,1.0528041381835938
2021-04-25 12:00:00,0.9868661499023437
2021-04-25 13:00:00,0.8622554626464844
2021-04-25 14:00:00,0.7454821929931641
2021-04-25 15:00:00,0.9527972717285156
2021-04-25 16:00:00,1.027596984863281
2021-04-25 17:00:00,1.5213640441894531
2021-04-25 18:00:00,2.1452671432495114
2021-04-25 19:00:00,3.1428346710205077
2021-04-25 20:00:00,3.5730094299316404
2021-04-25 21:00:00,5.299071891784668
2021-04-25 22:00:00,6.234337524414062
2021-04-25 23:00:00,7.9468583984375005
2021-04-26 00:00:00,9.183377899169923
2021-04-26 01:00:00,9.65047420501709
2021-04-26 02:00:00,12.055889183044433
2021-04-26 03:00:00,12.505619316101074
2021-04-26 04:00:00,13.062148361206056
2021-04-26 05:00:00,13.794065032958985
2021-04-26 06:00:00,11.7140473279953
2021-04-26 07:00:00,12.638888977050781
2021-04-26 08:00:00,10.672069137573242
2021-04-26 09:00:00,10.170974205017089
2021-04-26 10:00:00,8.713024871826171
2021-04-26 11:00:00,6.453659472465516
2021-04-26 12:00:00,5.812131668090821
2021-04-26 13:00:00,6.3994820709228515
2021-04-26 14:00:00,6.2480385284423825
2021-04-26 15:00:00,4.268140342712402
2021-04-26 16:00:00,5.055704387664795
2021-04-26 17:00:00,5.574082147598267
2021-04-26 18:00:00,8.275173179626464
2021-04-26 19:00:00,9.101889219284057
2021-04-26 20:00:00,9.343742218017578
2021-04-26 21:00:00,7.216064353942871
2021-04-26 22:00:00,11.600429153442382
2021-04-26 23:00:00,12.91515495300293
2021-04-27 00:00:00,15.244689880371094
2021-04-27 01:00:00,15.956736419677734
2021-04-27 02:00:00,16.487577850341797
2021-04-27 03:00:00,17.037208007812502
2021-04-27 04:00:00,19.399830535888672
2021-04-27 05:00:00,18.405152923583984
2021-04-27 06:00:00,16.293015625000002
2021-04-27 07:00:00,10.931504470825196
2021-04-27 08:00:00,7.030308982849121
2021-04-27 09:00:00,3.4854130249023436
2021-04-27 10:00:00,2.234238540649414
2021-04-27 11:00:00,1.7921890411376953
2021-04-27 12:00:00,1.4828016967773436
2021-04-27 13:00:00,0.8012443027496338
2021-04-27 14:00:00,0.4471224060058594
2021-04-27 15:00:00,0.33050057983398434
2021-04-27 16:00:00,0.20539702606201168
2021-04-27 17:00:00,0.311124984741211
2021-04-27 18:00:00,0.6414501647949219
2021-04-27 19:00:00,1.5308812789916992
2021-04-27 20:00:00,2.764632049560547
2021-04-27 21:00:00,4.215160049438476
2021-04-27 22:00:00,6.1335513992309565
2021-04-27 23:00:00,7.240883296966553
2021-04-28 00:00:00,7.51778519821167
2021-04-28 01:00:00,9.680304138183594
2021-04-28 02:00:00,10.162233557224273
2021-04-28 03:00:00,10.959664794921874
2021-04-28 04:00:00,11.517424835205077
2021-04-28 05:00:00,13.799835754394532
2021-04-28 06:00:00,11.50169594192505
2021-04-28 07:00:00,10.751129921913147
2021-04-28 08:00:00,7.058525573730469
2021-04-28 09:00:00,5.786724880218506
2021-04-28 10:00:00,2.704502658843994
2021-04-28 11:00:00,1.599434627532959
2021-04-28 12:00:00,2.2484029541015627
2021-04-28 13:00:00,1.5938666076660155
2021-04-28 14:00:00,1.321907844543457
2021-04-28 15:00:00,0.4861291198730469
2021-04-28 16:00:00,0.4488776092529297
2021-04-28 17:00:00,0.37120727539062504
2021-04-28 18:00:00,0.9765323028564453
2021-04-28 19:00:00,2.337201797485352
2021-04-28 20:00:00,3.4983313360214234
2021-04-28 21:00:00,6.953189697265625
2021-04-28 22:00:00,9.193948532104493
2021-04-28 23:00:00,10.987921087265015
2021-04-29 00:00:00,13.467600769042969
2021-04-29 01:00:00,16.4952265625
2021-04-29 02:00:00,18.388363952636716
2021-04-29 03:00:00,20.316934020996094
2021-04-29 04:00:00,18.67650744628906
2021-04-29 05:00:00,21.903411529541017
2021-04-29 06:00:00,17.646200805664062
2021-04-29 07:00:00,12.1886749420166
2021-04-29 08:00:00,8.841011186599733
2021-04-29 09:00:00,5.038178190231323
2021-04-29 10:00:00,3.09298974609375
2021-04-29 11:00:00,2.3419855270385743
2021-04-29 12:00:00,1.6783828964233398
2021-04-29 13:00:00,1.0310631561279298
2021-04-29 14:00:00,0.45865234565734864
2021-04-29 15:00:00,0.23912640380859376
2021-04-29 16:00:00,0.17410568237304686
2021-04-29 17:00:00,0.14660455322265625
2021-04-29 18:00:00,0.7156509170532226
2021-04-29 19:00:00,2.3217330627441406
2021-04-29 20:00:00,3.7426871852874757
2021-04-29 21:00:00,4.671876880645752
2021-04-29 22:00:00,6.078123750686645
2021-04-29 23:00:00,8.41974287414551
2021-04-30 00:00:00,11.111333267211915
2021-04-30 01:00:00,13.774782558441164
2021-04-30 02:00:00,14.278312774658204
2021-04-30 03:00:00,16.28821019744873
2021-04-30 04:00:00,15.294510559082031
2021-04-30 05:00:00,17.996011230468753
2021-04-30 06:00:00,11.024833210468291
2021-04-30 07:00:00,10.853628288269043
2021-04-30 08:00:00,6.894532657623291
2021-04-30 09:00:00,3.888356674194336
2021-04-30 10:00:00,2.0466265563964843
2021-04-30 11:00:00,1.2720766258239746
2021-04-30 12:00:00,0.8384437866210938
2021-04-30 13:00:00,0.7350693206787109
2021-04-30 14:00:00,0.17161534118652344
2021-04-30 15:00:00,0.11726532363891601
2021-04-30 16:00:00,0.13195816802978516
2021-04-30 17:00:00,0.11528936767578127
2021-04-30 18:00:00,0.45062695693969723
2021-04-30 19:00:00,1.5489778158664702
2021-04-30 20:00:00,2.837979736328125
2021-04-30 21:00:00,4.389930549621582
2021-04-30 22:00:00,7.364773845672607
2021-04-30 23:00:00,10.738145065307616
2021-05-01 00:00:00,13.808456710815431
2021-05-01 01:00:00,16.476368507385253
2021-05-01 02:00:00,19.351475677490235
2021-05-01 03:00:00,22.391480743408202
2021-05-01 04:00:00,23.179148773193358
2021-05-01 05:00:00,23.209105957031248
2021-05-01 06:00:00,19.623581176757813
2021-05-01 07:00:00,14.918812500000001
2021-05-01 08:00:00,10.224143142700196
2021-05-01 09:00:00,5.769652587890625
2021-05-01 10:00:00,1.7537302474975585
2021-05-01 11:00:00,0.6860071716308593
2021-05-01 12:00:00,0.07768957138061523
2021-05-01 13:00:00,0.0
2021-05-01 14:00:00,0.0
2021-05-01 15:00:00,0.13789693450927734
2021-05-01 16:00:00,1.1679857711791992
2021-05-01 17:00:00,2.8341972045898434
2021-05-01 18:00:00,4.549038402557374
2021-05-01 19:00:00,6.35310514831543
2021-05-01 20:00:00,8.268440032958985
2021-05-01 21:00:00,10.341618175506591
2021-05-01 22:00:00,13.077462413787842
2021-05-01 23:00:00,15.421593688964844
2021-05-02 00:00:00,17.46052646636963
2021-05-02 01:00:00,17.430457061767576
2021-05-02 02:00:00,19.460133361816407
2021-05-02 03:00:00,19.7244328918457
2021-05-02 04:00:00,20.13089825439453
2021-05-02 05:00:00,22.521313720703127
2021-05-02 06:00:00,18.819173477172853
2021-05-02 07:00:00,16.15000678253174
2021-05-02 08:00:00,11.633913526535034
2021-05-02 09:00:00,7.152273468017578
2021-05-02 10:00:00,6.058763824462891
2021-05-02 11:00:00,3.9280744018554685
2021-05-02 12:00:00,3.809495330810547
2021-05-02 13:00:00,2.6315214977264407
2021-05-02 14:00:00,2.1426066513061524
2021-05-02 15:00:00,1.5494008712768554
2021-05-02 16:00:00,1.252183753967285
2021-05-02 17:00:00,1.3580621070861816
2021-05-02 18:00:00,2.883776735305786
2021-05-02 19:00:00,4.77886897277832
2021-05-02 20:00:00,5.589039474487304
2021-05-02 21:00:00,6.514956024169922
2021-05-02 22:00:00,7.6561285018920895
2021-05-02 23:00:00,8.547993305206298
2021-05-03 00:00:00,13.066872909545898
2021-05-03 01:00:00,13.988462245941161
2021-05-03 02:00:00,14.79346290588379
2021-05-03 03:00:00,14.559060775756837
2021-05-03 04:00:00,17.590715126037598
2021-05-03 05:00:00,17.685532653808593
2021-05-03 06:00:00,13.029996646881104
2021-05-03 07:00:00,12.010734771728515
2021-05-03 08:00:00,7.972952522277832
2021-05-03 09:00:00,5.1350458831787105
2021-05-03 10:00:00,3.9810879440307616
2021-05-03 11:00:00,3.227506050109863
2021-05-03 12:00:00,0.7759731140136719
2021-05-03 13:00:00,1.2343109081983568
2021-05-03 14:00:00,1.4375598459243775
2021-05-03 15:00:00,1.87201411151886
2021-05-03 16:00:00,0.9781541118621826
2021-05-03 17:00:00,1.403071044921875
2021-05-03 18:00:00,2.6217041339874267
2021-05-03 19:00:00,4.126145814895629
2021-05-03 20:00:00,5.462235595703125
2021-05-03 21:00:00,6.78300032043457
2021-05-03 22:00:00,7.730324783325195
2021-05-03 23:00:00,8.955997268676757
2021-05-04 00:00:00,11.031715797424315
2021-05-04 01:00:00,11.760685211181642
2021-05-04 02:00:00,11.581044841766357
2021-05-04 03:00:00,13.033273849487305
2021-05-04 04:00:00,16.08085485839844
2021-05-04 05:00:00,16.177600982666014
2021-05-04 06:00:00,12.512079097747803
2021-05-04 07:00:00,8.871999908447265
2021-05-04 08:00:00,6.594721153259277
2021-05-04 09:00:00,4.032949645996093
2021-05-04 10:00:00,2.2552843313217164
2021-05-04 11:00:00,1.0607879486083984
2021-05-04 12:00:00,0.0432828607559204
2021-05-04 13:00:00,0.2058992462158203
2021-05-04 14:00:00,0.0
2021-05-04 15:00:00,0.0
2021-05-04 16:00:00,0.031921413540840146
2021-05-04 17:00:00,0.5147472457885742
2021-05-04 18:00:00,1.0588206100463866
2021-05-04 19:00:00,1.393648452758789
2021-05-04 20:00:00,2.0346334228515626
2021-05-04 21:00:00,2.694441146850586
2021-05-04 22:00:00,4.894950572967529
2021-05-04 23:00:00,5.68602054977417
2021-05-05 00:00:00,6.805711669921875
2021-05-05 01:00:00,7.20213542175293
2021-05-05 02:00:00,7.525677933692933
2021-05-05 03:00:00,9.608039108276367
2021-05-05 04:00:00,10.034341041564943
2021-05-05 05:00:00,10.618220989227295
2021-05-05 06:00:00,9.222321273803711
2021-05-05 07:00:00,5.4904839782714845
2021-05-05 08:00:00,4.584929672241211
2021-05-05 09:00:00,1.7158495445251465
2021-05-05 10:00:00,1.2628316040039063
2021-05-05 11:00:00,0.91104248046875
2021-05-05 12:00:00,0.7575354919433595
2021-05-05 13:00:00,0.6556624450683594
2021-05-05 14:00:00,0.5901494264602661
2021-05-05 15:00:00,0.5372563018798828
2021-05-05 16:00:00,0.5196602039337158
2021-05-05 17:00:00,0.9671759109497071
2021-05-05 18:00:00,1.1041469078063963
2021-05-05 19:00:00,2.210401260375977
2021-05-05 20:00:00,3.453405305862427
2021-05-05 21:00:00,5.162072364807129
2021-05-05 22:00:00,7.214510612487793
2021-05-05 23:00:00,8.950335174560546
2021-05-06 00:00:00,12.340488250732422
2021-05-06 01:00:00,13.081327659606934
2021-05-06 02:00:00,15.970577087402344
2021-05-06 03:00:00,17.02806423187256
2021-05-06 04:00:00,17.528438369750976
2021-05-06 05:00:00,21.51318927001953
2021-05-06 06:00:00,20.417872894287107
2021-05-06 07:00:00,13.06953921508789
2021-05-06 08:00:00,7.694469635009765
2021-05-06 09:00:00,3.6094410858154298
2021-05-06 10:00:00,2.6577854766845705
2021-05-06 11:00:00,2.9920021209716796
2021-05-06 12:00:00,2.9894360961914064
2021-05-06 13:00:00,1.4872976684570314
2021-05-06 14:00:00,1.8368217735290528
2021-05-06 15:00:00,2.058606414794922
2021-05-06 16:00:00,2.1900963134765625
2021-05-06 17:00:00,3.2677218933105467
2021-05-06 18:00:00,3.4422888183593745
2021-05-06 19:00:00,3.968370346069336
2021-05-06 20:00:00,5.882478134155273
2021-05-06 21:00:00,7.617564805984497
2021-05-06 22:00:00,9.478900615692138
2021-05-06 23:00:00,9.746493530273437
2021-05-07 00:00:00,10.810983528137207
2021-05-07 01:00:00,11.179795043945312
2021-05-07 02:00:00,11.294539375305176
2021-05-07 03:00:00,12.386550674438476
2021-05-07 04:00:00,15.462680870056152
2021-05-07 05:00:00,14.857377746582031
2021-05-07 06:00:00,13.11084407043457
2021-05-07 07:00:00,8.06709550666809
2021-05-07 08:00:00,4.183689929962158
2021-05-07 09:00:00,1.89706441116333
2021-05-07 10:00:00,1.3241221923828126
2021-05-07 11:00:00,1.0303019409179688
2021-05-07 12:00:00,0.30511567687988284
2021-05-07 13:00:00,0.1323311767578125
2021-05-07 14:00:00,0.24084640502929688
2021-05-07 15:00:00,0.06569211769104004
2021-05-07 16:00:00,0.5264812393188476
2021-05-07 17:00:00,0.9723504390716553
2021-05-07 18:00:00,1.4695608215332032
2021-05-07 19:00:00,2.486757991790771
2021-05-07 20:00:00,3.6825240173339844
2021-05-07 21:00:00,4.726171248435974
2021-05-07 22:00:00,7.423025604248047
2021-05-07 23:00:00,9.93220896911621
2021-05-08 00:00:00,12.82718920135498
2021-05-08 01:00:00,13.798380661010743
2021-05-08 02:00:00,15.723109161376954
2021-05-08 03:00:00,17.25533660888672
2021-05-08 04:00:00,20.214335205078125
2021-05-08 05:00:00,19.205449676513673
2021-05-08 06:00:00,16.283095874786376
2021-05-08 07:00:00,9.64088027191162
2021-05-08 08:00:00,6.4348275680541995
2021-05-08 09:00:00,2.2261885681152345
2021-05-08 10:00:00,0.6853379821777343
2021-05-08 11:00:00,0.5921483154296876
2021-05-08 12:00:00,0.2526320724487305
2021-05-08 13:00:00,0.0
2021-05-08 14:00:00,0.014915182590484619
2021-05-08 15:00:00,0.0
2021-05-08 16:00:00,0.0
2021-05-08 17:00:00,0.0
2021-05-08 18:00:00,0.0
2021-05-08 19:00:00,0.5145039234161377
2021-05-08 20:00:00,1.1571130924224855
2021-05-08 21:00:00,2.8210108489990233
2021-05-08 22:00:00,4.122309904098511
2021-05-08 23:00:00,5.005446720123291
2021-05-09 00:00:00,6.868987564086914
2021-05-09 01:00:00,8.69710482788086
2021-05-09 02:00:00,8.650337158203126
2021-05-09 03:00:00,12.02025609588623
2021-05-09 04:00:00,12.764799850463866
2021-05-09 05:00:00,13.001952056884765
2021-05-09 06:00:00,8.962592025756837
2021-05-09 07:00:00,4.652479988098145
2021-05-09 08:00:00,2.5387805099487304
2021-05-09 09:00:00,0.6234519348144532
2021-05-09 10:00:00,0.5002234354019165
2021-05-09 11:00:00,0.35024803161621093
2021-05-09 12:00:00,0.14535777282714846
2021-05-09 13:00:00,0.0035918662548065187
2021-05-09 14:00:00,0.0
2021-05-09 15:00:00,0.0
2021-05-09 16:00:00,0.0
2021-05-09 17:00:00,0.0
2021-05-09 18:00:00,0.0
2021-05-09 19:00:00,0.18164576721191406
2021-05-09 20:00:00,0.9259273986816405
2021-05-09 21:00:00,1.7158348388671874
2021-05-09 22:00:00,3.091576095581055
2021-05-09 23:00:00,4.071819702148438
2021-05-10 00:00:00,4.774117538452148
2021-05-10 01:00:00,5.986832778930664
2021-05-10 02:00:00,6.365727410316468
2021-05-10 03:00:00,8.436979385375977
2021-05-10 04:00:00,10.594736493110657
2021-05-10 05:00:00,9.783526573181152
2021-05-10 06:00:00,7.28338136100769
2021-05-10 07:00:00,3.3468393859863284
2021-05-10 08:00:00,1.0387361602783203
2021-05-10 09:00:00,0.3733860645294189
2021-05-10 10:00:00,0.0
2021-05-10 11:00:00,0.0
2021-05-10 12:00:00,0.0
2021-05-10 13:00:00,0.0
2021-05-10 14:00:00,0.0
2021-05-10 15:00:00,0.0
2021-05-10 16:00:00,0.0
2021-05-10 17:00:00,0.0
2021-05-10 18:00:00,0.0
2021-05-10 19:00:00,0.0
2021-05-10 20:00:00,0.4381785583496094
2021-05-10 21:00:00,1.119964904785156
2021-05-10 22:00:00,1.561647979736328
2021-05-10 23:00:00,2.2287992553710936
2021-05-11 00:00:00,3.485486976623535
2021-05-11 01:00:00,4.008733285903931
2021-05-11 02:00:00,5.562748189926148
2021-05-11 03:00:00,6.640629158020019
2021-05-11 04:00:00,8.699483863830567
2021-05-11 05:00:00,7.59759707069397
2021-05-11 06:00:00,6.144345710754394
2021-05-11 07:00:00,2.6101953659057617
2021-05-11 08:00:00,1.04848486328125
2021-05-11 09:00:00,0.30871112060546874
2021-05-11 10:00:00,0.006162239074707031
2021-05-11 11:00:00,0.0
2021-05-11 12:00:00,0.0
2021-05-11 13:00:00,0.0
2021-05-11 14:00:00,0.0
2021-05-11 15:00:00,0.0
2021-05-11 16:00:00,0.0
2021-05-11 17:00:00,0.0
2021-05-11 18:00:00,0.0
2021-05-11 19:00:00,0.0
2021-05-11 20:00:00,0.16597866821289062
2021-05-11 21:00:00,0.7546529541015625
2021-05-11 22:00:00,1.7824086914062498
2021-05-11 23:00:00,2.060706018447876
2021-05-12 00:00:00,2.5873463897705076
2021-05-12 01:00:00,2.9346927070617674
2021-05-12 02:00:00,4.184354221343995
2021-05-12 03:00:00,5.762454612731934
2021-05-12 04:00:00,6.401191379547119
2021-05-12 05:00:00,6.165990257263184
2021-05-12 06:00:00,5.282544090270996
2021-05-12 07:00:00,2.244962062835693
2021-05-12 08:00:00,0.8255282440185547
2021-05-12 09:00:00,0.21300708770751953
2021-05-12 10:00:00,0.002518906593322754
2021-05-12 11:00:00,0.0
2021-05-12 12:00:00,0.0
2021-05-12 13:00:00,0.0
2021-05-12 14:00:00,0.0
2021-05-12 15:00:00,0.0
2021-05-12 16:00:00,0.0
2021-05-12 17:00:00,0.0
2021-05-12 18:00:00,0.0
2021-05-12 19:00:00,0.0
2021-05-12 20:00:00,0.31305197143554686
2021-05-12 21:00:00,1.0133932800292969
2021-05-12 22:00:00,1.2077755737304687
2021-05-12 23:00:00,1.4687287216186524
2021-05-13 00:00:00,2.0571041145324704
2021-05-13 01:00:00,3.575466953277588
2021-05-13 02:00:00,4.471931762695313
2021-05-13 03:00:00,4.9217151870727545
2021-05-13 04:00:00,5.323784713745117
2021-05-13 05:00:00,5.811390319824219
2021-05-13 06:00:00,3.2981802597045897
2021-05-13 07:00:00,1.655509490966797
2021-05-13 08:00:00,0.6908869323730469
2021-05-13 09:00:00,0.2590432586669922
2021-05-13 10:00:00,0.0
2021-05-13 11:00:00,0.0
2021-05-13 12:00:00,0.0
2021-05-13 13:00:00,0.0
2021-05-13 14:00:00,0.0
2021-05-13 15:00:00,0.0
2021-05-13 16:00:00,0.0
2021-05-13 17:00:00,0.0
2021-05-13 18:00:00,0.0
2021-05-13 19:00:00,0.0
2021-05-13 20:00:00,0.0
2021-05-13 21:00:00,0.2819615364074707
2021-05-13 22:00:00,0.7191577911376953
2021-05-13 23:00:00,1.1454660034179687
2021-05-14 00:00:00,1.7010026702880858
2021-05-14 01:00:00,2.4153799896240233
2021-05-14 02:00:00,3.5174528923034667
2021-05-14 03:00:00,4.576001861572266
2021-05-14 04:00:00,4.9258840332031255
2021-05-14 05:00:00,4.83121413230896
2021-05-14 06:00:00,2.971032470703125
2021-05-14 07:00:00,1.1730683670043947
2021-05-14 08:00:00,0.4065062866210938
2021-05-14 09:00:00,0.0
2021-05-14 10:00:00,0.0
2021-05-14 11:00:00,0.0
2021-05-14 12:00:00,0.0
2021-05-14 13:00:00,0.0
2021-05-14 14:00:00,0.0
2021-05-14 15:00:00,0.0
2021-05-14 16:00:00,0.0
2021-05-14 17:00:00,0.0
2021-05-14 18:00:00,0.0
2021-05-14 19:00:00,0.0
2021-05-14 20:00:00,0.0
2021-05-14 21:00:00,0.0
2021-05-14 22:00:00,0.5042944412231445
2021-05-14 23:00:00,0.9443579711914062
2021-05-15 00:00:00,1.4090847167968752
2021-05-15 01:00:00,1.8377903442382812
2021-05-15 02:00:00,2.2096894092559816
2021-05-15 03:00:00,3.02517399597168
2021-05-15 04:00:00,4.330452713012695
2021-05-15 05:00:00,3.9043274383544926
2021-05-15 06:00:00,2.1361864929199217
2021-05-15 07:00:00,0.34848043823242186
2021-05-15 08:00:00,0.0
2021-05-15 09:00:00,0.0
2021-05-15 10:00:00,0.0
2021-05-15 11:00:00,0.0
2021-05-15 12:00:00,0.0
2021-05-15 13:00:00,0.0
2021-05-15 14:00:00,0.0
2021-05-15 15:00:00,0.0
2021-05-15 16:00:00,0.0
2021-05-15 17:00:00,0.0
2021-05-15 18:00:00,0.0
2021-05-15 19:00:00,0.0
2021-05-15 20:00:00,0.2842635498046875
2021-05-15 21:00:00,1.125856994628906
2021-05-15 22:00:00,1.5110752906799316
2021-05-15 23:00:00,2.032703285217285
2021-05-16 00:00:00,2.2164593505859376
2021-05-16 01:00:00,3.2403206634521484
2021-05-16 02:00:00,5.032878005981445
2021-05-16 03:00:00,5.609344505310059
2021-05-16 04:00:00,5.595541324615478
2021-05-16 05:00:00,5.452470733642578
2021-05-16 06:00:00,2.968423947304487
2021-05-16 07:00:00,1.7300812301635742
2021-05-16 08:00:00,0.5324359741210938
2021-05-16 09:00:00,0.05127022743225097
2021-05-16 10:00:00,0.0
2021-05-16 11:00:00,0.0
2021-05-16 12:00:00,0.0
2021-05-16 13:00:00,0.0
2021-05-16 14:00:00,0.0
2021-05-16 15:00:00,0.0
2021-05-16 16:00:00,0.0
2021-05-16 17:00:00,0.0
2021-05-16 18:00:00,0.0
2021-05-16 19:00:00,0.0
2021-05-16 20:00:00,1.0883777770996095
2021-05-16 21:00:00,2.6029612274169924
2021-05-16 22:00:00,3.583702941894531
2021-05-16 23:00:00,4.093144470214844
2021-05-17 00:00:00,3.9028083343505857
2021-05-17 01:00:00,4.27413020324707
2021-05-17 02:00:00,5.300387878417968
2021-05-17 03:00:00,6.225885429382324
2021-05-17 04:00:00,7.937305828094482
2021-05-17 05:00:00,9.535486542701722
2021-05-17 06:00:00,7.201361667633057
2021-05-17 07:00:00,4.068138221740723
2021-05-17 08:00:00,2.06618098449707
2021-05-17 09:00:00,0.4800556564331055
2021-05-17 10:00:00,0.30586369323730467
2021-05-17 11:00:00,0.0
2021-05-17 12:00:00,0.0
2021-05-17 13:00:00,0.0
2021-05-17 14:00:00,0.0
2021-05-17 15:00:00,0.0
2021-05-17 16:00:00,0.0
2021-05-17 17:00:00,0.0
2021-05-17 18:00:00,0.0
2021-05-17 19:00:00,0.333245361328125
2021-05-17 20:00:00,1.3047376918792724
2021-05-17 21:00:00,1.7845686531066893
2021-05-17 22:00:00,2.7749083099365235
2021-05-17 23:00:00,3.0791418304443363
2021-05-18 00:00:00,4.011210647583008
2021-05-18 01:00:00,5.120031005859374
2021-05-18 02:00:00,6.366669605255127
2021-05-18 03:00:00,7.557457855224609
2021-05-18 04:00:00,8.862715556144714
2021-05-18 05:00:00,9.864748825073242
2021-05-18 06:00:00,7.041279798030853
2021-05-18 07:00:00,5.458276355028152
2021-05-18 08:00:00,3.257640959829092
2021-05-18 09:00:00,0.9513945617675782
2021-05-18 10:00:00,0.546931619644165
2021-05-18 11:00:00,0.14400347900390625
2021-05-18 12:00:00,0.11833308029174805
2021-05-18 13:00:00,0.0
2021-05-18 14:00:00,0.0
2021-05-18 15:00:00,0.0
2021-05-18 16:00:00,0.0
2021-05-18 17:00:00,0.0
2021-05-18 18:00:00,0.18413542175292968
2021-05-18 19:00:00,0.6379869689941406
2021-05-18 20:00:00,1.0308050537109374
2021-05-18 21:00:00,3.072771644592285
2021-05-18 22:00:00,3.5068125190734865
2021-05-18 23:00:00,4.774659591674805
2021-05-19 00:00:00,7.729533807754517
2021-05-19 01:00:00,9.201606140136718
2021-05-19 02:00:00,10.213409378051757
2021-05-19 03:00:00,10.413615341186524
2021-05-19 04:00:00,12.927114608764647
2021-05-19 05:00:00,14.611594993591309
2021-05-19 06:00:00,10.401756921887397
2021-05-19 07:00:00,5.441632513046265
2021-05-19 08:00:00,3.407925094604492
2021-05-19 09:00:00,1.4194372100830077
2021-05-19 10:00:00,0.9831890487670898
2021-05-19 11:00:00,0.6569415702819824
2021-05-19 12:00:00,0.2743219223022461
2021-05-19 13:00:00,0.5103247528076172
2021-05-19 14:00:00,0.5843480224609374
2021-05-19 15:00:00,0.3092372131347656
2021-05-19 16:00:00,0.12160321807861328
2021-05-19 17:00:00,0.32667276000976564
2021-05-19 18:00:00,0.8313192443847657
2021-05-19 19:00:00,1.481034698486328
2021-05-19 20:00:00,2.0261784973144534
2021-05-19 21:00:00,3.593951232910156
2021-05-19 22:00:00,4.520968452453613
2021-05-19 23:00:00,4.576531703948975
2021-05-20 00:00:00,5.775048126220703
2021-05-20 01:00:00,7.650747360229492
2021-05-20 02:00:00,10.108265075683594
2021-05-20 03:00:00,12.415408645629881
2021-05-20 04:00:00,13.162740921020507
2021-05-20 05:00:00,13.547012634277344
2021-05-20 06:00:00,11.193184509277344
2021-05-20 07:00:00,7.978847381591797
2021-05-20 08:00:00,3.811222015380859
2021-05-20 09:00:00,1.2124948234558106
2021-05-20 10:00:00,0.8291834907531739
2021-05-20 11:00:00,0.6846735572814941
2021-05-20 12:00:00,0.41416676330566404
2021-05-20 13:00:00,0.31402054595947265
2021-05-20 14:00:00,0.2921395111083984
2021-05-20 15:00:00,0.19200385284423827
2021-05-20 16:00:00,0.12175945281982421
2021-05-20 17:00:00,0.19298548126220702
2021-05-20 18:00:00,0.622284912109375
2021-05-20 19:00:00,1.0146712646484375
2021-05-20 20:00:00,1.908113932609558
2021-05-20 21:00:00,2.8556480712890626
2021-05-20 22:00:00,3.2310158462524416
2021-05-20 23:00:00,4.224304260253906
2021-05-21 00:00:00,5.024274368286132
2021-05-21 01:00:00,5.46533480834961
2021-05-21 02:00:00,6.0269495925903325
2021-05-21 03:00:00,8.179226242065429
2021-05-21 04:00:00,7.690295848846436
2021-05-21 05:00:00,9.104326263427733
2021-05-21 06:00:00,7.51255450630188
2021-05-21 07:00:00,3.7745866775512695
2021-05-21 08:00:00,2.0484429931640626
2021-05-21 09:00:00,1.1153587493896484
2021-05-21 10:00:00,0.8129228401184082
2021-05-21 11:00:00,0.4432733917236328
2021-05-21 12:00:00,0.2325939483642578
2021-05-21 13:00:00,0.0
2021-05-21 14:00:00,0.2912441215515137
2021-05-21 15:00:00,0.20266848373413085
2021-05-21 16:00:00,0.24247883605957032
2021-05-21 17:00:00,0.22506686401367187
2021-05-21 18:00:00,1.0340122718811036
2021-05-21 19:00:00,1.4502374687194823
2021-05-21 20:00:00,2.350115997314453
2021-05-21 21:00:00,3.323313735961914
2021-05-21 22:00:00,3.6217287902832034
2021-05-21 23:00:00,4.638120351791382
2021-05-22 00:00:00,5.2975801162719725
2021-05-22 01:00:00,5.474435104370118
2021-05-22 02:00:00,5.672973480224609
2021-05-22 03:00:00,6.1198094329833985
2021-05-22 04:00:00,6.857258605957032
2021-05-22 05:00:00,6.926598220825195
2021-05-22 06:00:00,5.67448013305664
2021-05-22 07:00:00,3.9042076416015625
2021-05-22 08:00:00,2.0137686767578127
2021-05-22 09:00:00,0.25978348541259766
2021-05-22 10:00:00,0.5777463836669923
2021-05-22 11:00:00,0.6588576736450196
2021-05-22 12:00:00,0.504844612121582
2021-05-22 13:00:00,0.30096191120147703
2021-05-22 14:00:00,0.6027963562011719
2021-05-22 15:00:00,0.5285652694702149
2021-05-22 16:00:00,0.8467345924377442
2021-05-22 17:00:00,0.6410791244506836
2021-05-22 18:00:00,0.22826647186279297
2021-05-22 19:00:00,1.0297920303344725
2021-05-22 20:00:00,2.1722505950927733
2021-05-22 21:00:00,3.085272354125977
2021-05-22 22:00:00,3.7628763275146486
2021-05-22 23:00:00,3.9655881805419924
2021-05-23 00:00:00,4.481047689437866
2021-05-23 01:00:00,4.998849620819092
2021-05-23 02:00:00,5.024253448486328
2021-05-23 03:00:00,5.292843376159668
2021-05-23 04:00:00,5.436213272094727
2021-05-23 05:00:00,5.625959762573242
2021-05-23 06:00:00,3.981885803222656
2021-05-23 07:00:00,2.705237762451172
2021-05-23 08:00:00,0.874914321899414
2021-05-23 09:00:00,0.33959428024291993
2021-05-23 10:00:00,0.1259499225616455
2021-05-23 11:00:00,0.1946284408569336
2021-05-23 12:00:00,0.32011644649505616
2021-05-23 13:00:00,0.5272345581054687
2021-05-23 14:00:00,0.5536544494628907
2021-05-23 15:00:00,0.34406294631958007
2021-05-23 16:00:00,0.250956896007061
2021-05-23 17:00:00,0.31466969299316405
2021-05-23 18:00:00,0.7306045265197754
2021-05-23 19:00:00,1.0643472557067872
2021-05-23 20:00:00,2.2056719875335693
2021-05-23 21:00:00,3.2344438781738285
2021-05-23 22:00:00,4.002428363800049
2021-05-23 23:00:00,4.3552290725708005
2021-05-24 00:00:00,4.961051193237305
2021-05-24 01:00:00,5.185447708129883
2021-05-24 02:00:00,5.75147573852539
2021-05-24 03:00:00,6.0991554412841795
2021-05-24 04:00:00,6.246554779052735
2021-05-24 05:00:00,6.633364410400391
2021-05-24 06:00:00,4.66275668334961
2021-05-24 07:00:00,3.1504524421691893
2021-05-24 08:00:00,1.719369468688965
2021-05-24 09:00:00,0.3542926788330078
2021-05-24 10:00:00,0.22145066833496094
2021-05-24 11:00:00,0.0
2021-05-24 12:00:00,0.0
2021-05-24 13:00:00,0.0
2021-05-24 14:00:00,0.0
2021-05-24 15:00:00,0.0
2021-05-24 16:00:00,0.0
2021-05-24 17:00:00,0.0
2021-05-24 18:00:00,0.0
2021-05-24 19:00:00,0.0
2021-05-24 20:00:00,0.8875395202636719
2021-05-24 21:00:00,1.5067033195495605
2021-05-24 22:00:00,2.192167625427246
2021-05-24 23:00:00,3.0445936813354493
2021-05-25 00:00:00,3.9570725116729735
2021-05-25 01:00:00,4.742928817749023
2021-05-25 02:00:00,5.665820617675781
2021-05-25 03:00:00,6.116194732666016
2021-05-25 04:00:00,6.488443634033203
2021-05-25 05:00:00,5.7405806732177735
2021-05-25 06:00:00,2.731414299964905
2021-05-25 07:00:00,1.8223288307189942
2021-05-25 08:00:00,0.8807051944732667
2021-05-25 09:00:00,0.04537081527709961
2021-05-25 10:00:00,0.0
2021-05-25 11:00:00,0.0
2021-05-25 12:00:00,0.0
2021-05-25 13:00:00,0.0
2021-05-25 14:00:00,0.0
2021-05-25 15:00:00,0.0
2021-05-25 16:00:00,0.0
2021-05-25 17:00:00,0.0
2021-05-25 18:00:00,0.0
2021-05-25 19:00:00,0.0
2021-05-25 20:00:00,0.0
2021-05-25 21:00:00,0.2874234313964844
2021-05-25 22:00:00,1.0052439308166503
2021-05-25 23:00:00,1.7099512634277345
2021-05-26 00:00:00,2.5588405914306644
2021-05-26 01:00:00,2.977421363830566
2021-05-26 02:00:00,3.5281116790771483
2021-05-26 03:00:00,4.4173215332031255
2021-05-26 04:00:00,4.711744781494141
2021-05-26 05:00:00,4.344314895629883
2021-05-26 06:00:00,1.918923355102539
2021-05-26 07:00:00,0.647189422607422
2021-05-26 08:00:00,0.27788200378417965
2021-05-26 09:00:00,0.0
2021-05-26 10:00:00,0.0
2021-05-26 11:00:00,0.0
2021-05-26 12:00:00,0.0
2021-05-26 13:00:00,0.0
2021-05-26 14:00:00,0.0
2021-05-26 15:00:00,0.0
2021-05-26 16:00:00,0.0
2021-05-26 17:00:00,0.0
2021-05-26 18:00:00,0.0
2021-05-26 19:00:00,0.0
2021-05-26 20:00:00,0.0
2021-05-26 21:00:00,0.01150719738006592
2021-05-26 22:00:00,0.37820079040527343
2021-05-26 23:00:00,0.7354288024902343
2021-05-27 00:00:00,1.2258698577880858
2021-05-27 01:00:00,2.0288702239990233
2021-05-27 02:00:00,2.8083622975349427
2021-05-27 03:00:00,3.5768157062530515
2021-05-27 04:00:00,4.508782577514649
2021-05-27 05:00:00,5.188609405517578
2021-05-27 06:00:00,4.628091522216797
2021-05-27 07:00:00,3.422828689575195
2021-05-27 08:00:00,2.8224483032226564
2021-05-27 09:00:00,0.9944936599731444
2021-05-27 10:00:00,0.4136677398681641
2021-05-27 11:00:00,0.7524078674316407
2021-05-27 12:00:00,0.8236087589263916
2021-05-27 13:00:00,0.3919559020996094
2021-05-27 14:00:00,0.7451643238067627
2021-05-27 15:00:00,1.4782640991210938
2021-05-27 16:00:00,1.653728940963745
2021-05-27 17:00:00,1.8870730361938477
2021-05-27 18:00:00,1.220192611694336
2021-05-27 19:00:00,2.7681056518554685
2021-05-27 20:00:00,3.9386759643554687
2021-05-27 21:00:00,4.7809716796875
2021-05-27 22:00:00,5.023534027099609
2021-05-27 23:00:00,5.726642639160156
2021-05-28 00:00:00,5.8692218093872075
2021-05-28 01:00:00,6.2561078529357905
2021-05-28 02:00:00,6.818566833496093
2021-05-28 03:00:00,6.821409145355225
2021-05-28 04:00:00,7.108249346256256
2021-05-28 05:00:00,6.789974151611329
2021-05-28 06:00:00,5.298018173217773
2021-05-28 07:00:00,3.7371165008544924
2021-05-28 08:00:00,2.1253502616882325
2021-05-28 09:00:00,0.32318994140625
2021-05-28 10:00:00,0.06446194458007812
2021-05-28 11:00:00,0.1793118209838867
2021-05-28 12:00:00,0.0
2021-05-28 13:00:00,0.0
2021-05-28 14:00:00,0.0
2021-05-28 15:00:00,0.0
2021-05-28 16:00:00,0.20931878662109374
2021-05-28 17:00:00,0.1302398567199707
2021-05-28 18:00:00,0.0
2021-05-28 19:00:00,0.49937437438964843
2021-05-28 20:00:00,2.4086590728759765
2021-05-28 21:00:00,3.983486145019531
2021-05-28 22:00:00,4.972195831298828
2021-05-28 23:00:00,5.572802154541016
2021-05-29 00:00:00,6.001540191650391
2021-05-29 01:00:00,6.2482134552001956
2021-05-29 02:00:00,6.8994872131347655
2021-05-29 03:00:00,7.223474700927735
2021-05-29 04:00:00,9.446756530761718
2021-05-29 05:00:00,8.871364196777344
2021-05-29 06:00:00,5.5080898590087894
2021-05-29 07:00:00,2.4492601623535157
2021-05-29 08:00:00,1.456698501586914
2021-05-29 09:00:00,0.6534726314544679
2021-05-29 10:00:00,0.3782906494140625
2021-05-29 11:00:00,0.25494142150878907
2021-05-29 12:00:00,0.21554673767089844
2021-05-29 13:00:00,0.41695256233215333
2021-05-29 14:00:00,0.3483904418945313
2021-05-29 15:00:00,0.0
2021-05-29 16:00:00,0.0
2021-05-29 17:00:00,0.0
2021-05-29 18:00:00,0.06403382301330567
2021-05-29 19:00:00,0.44963209533691406
2021-05-29 20:00:00,2.4811857719421386
2021-05-29 21:00:00,4.311802785873413
2021-05-29 22:00:00,5.387037017822266
2021-05-29 23:00:00,7.068759643554687
2021-05-30 00:00:00,9.759839141845703
2021-05-30 01:00:00,11.037083183288573
2021-05-30 02:00:00,11.575525123596192
2021-05-30 03:00:00,11.199271750926972
2021-05-30 04:00:00,13.395245559692384
2021-05-30 05:00:00,13.15900863647461
2021-05-30 06:00:00,9.617350776672364
2021-05-30 07:00:00,4.640815912246705
2021-05-30 08:00:00,2.1600537872314454
2021-05-30 09:00:00,0.3545085611343384
2021-05-30 10:00:00,0.0
2021-05-30 11:00:00,0.0
2021-05-30 12:00:00,0.0
2021-05-30 13:00:00,0.0
2021-05-30 14:00:00,0.0
2021-05-30 15:00:00,0.0
2021-05-30 16:00:00,0.0
2021-05-30 17:00:00,0.0
2021-05-30 18:00:00,0.0
2021-05-30 19:00:00,0.0
2021-05-30 20:00:00,0.0
2021-05-30 21:00:00,0.3499271697998047
2021-05-30 22:00:00,0.9655212707519532
2021-05-30 23:00:00,1.8342094841003418
2021-05-31 00:00:00,2.6766706962585447
2021-05-31 01:00:00,2.7385806732177733
2021-05-31 02:00:00,2.98344482421875
2021-05-31 03:00:00,3.461422138214111
2021-05-31 04:00:00,3.8133781661987305
2021-05-31 05:00:00,3.7522039794921875
2021-05-31 06:00:00,1.5530792236328126
2021-05-31 07:00:00,0.665363037109375
2021-05-31 08:00:00,0.03266910171508789
2021-05-31 09:00:00,0.0
2021-05-31 10:00:00,0.0
2021-05-31 11:00:00,0.0
2021-05-31 12:00:00,0.0
2021-05-31 13:00:00,0.0
2021-05-31 14:00:00,0.0
2021-05-31 15:00:00,0.0
2021-05-31 16:00:00,0.0
2021-05-31 17:00:00,0.0
2021-05-31 18:00:00,0.28586207008361814
2021-05-31 19:00:00,0.4867230529785156
2021-05-31 20:00:00,1.1275459985733032
2021-05-31 21:00:00,2.429107879638672
2021-05-31 22:00:00,3.2881394653320313
2021-05-31 23:00:00,4.154382400512695
2021-06-01 00:00:00,4.876965873718262
2021-06-01 01:00:00,5.632126455307007
2021-06-01 02:00:00,7.414557243347168
2021-06-01 03:00:00,8.656166084289552
2021-06-01 04:00:00,8.30091436767578
2021-06-01 05:00:00,7.819280548095703
2021-06-01 06:00:00,4.946431968688965
2021-06-01 07:00:00,3.4997449665069578
2021-06-01 08:00:00,2.5163847045898438
2021-06-01 09:00:00,1.4669099884033203
2021-06-01 10:00:00,0.9558132514953612
2021-06-01 11:00:00,0.5738381042480469
2021-06-01 12:00:00,0.3629599914550781
2021-06-01 13:00:00,0.06448517417907715
2021-06-01 14:00:00,0.4281153259277344
2021-06-01 15:00:00,0.3802848892211914
2021-06-01 16:00:00,0.45416372680664063
2021-06-01 17:00:00,0.4343593635559082
2021-06-01 18:00:00,0.6219988098144531
2021-06-01 19:00:00,1.4450538902282715
2021-06-01 20:00:00,2.3639075241088867
2021-06-01 21:00:00,3.2469828338623046
2021-06-01 22:00:00,3.8300239410400385
2021-06-01 23:00:00,4.305375238418579
2021-06-02 00:00:00,4.923960098266601
2021-06-02 01:00:00,5.063098876953125
2021-06-02 02:00:00,5.259646148681641
2021-06-02 03:00:00,6.012635322570801
2021-06-02 04:00:00,7.0009551544189454
2021-06-02 05:00:00,7.109955657958984
2021-06-02 06:00:00,5.136161849975586
2021-06-02 07:00:00,2.7391667938232422
2021-06-02 08:00:00,1.7878876037597657
2021-06-02 09:00:00,0.7582865753173829
2021-06-02 10:00:00,0.18451030731201173
2021-06-02 11:00:00,0.04263594245910644
2021-06-02 12:00:00,0.0
2021-06-02 13:00:00,0.0
2021-06-02 14:00:00,0.0
2021-06-02 15:00:00,0.0
2021-06-02 16:00:00,0.0
2021-06-02 17:00:00,0.0
2021-06-02 18:00:00,0.0
2021-06-02 19:00:00,0.0
2021-06-02 20:00:00,0.6082395629882813
2021-06-02 21:00:00,1.0943350944519044
2021-06-02 22:00:00,1.9295319442749024
2021-06-02 23:00:00,2.255528121948242
2021-06-03 00:00:00,2.7010447502136232
2021-06-03 01:00:00,3.259147090911865
2021-06-03 02:00:00,3.4802786407470707
2021-06-03 03:00:00,3.863981018066406
2021-06-03 04:00:00,4.144381492614746
2021-06-03 05:00:00,4.554769256591797
2021-06-03 06:00:00,2.8504620170593262
2021-06-03 07:00:00,1.4983727493286132
2021-06-03 08:00:00,0.8345169677734374
2021-06-03 09:00:00,0.21566278076171874
2021-06-03 10:00:00,0.0
2021-06-03 11:00:00,0.0
2021-06-03 12:00:00,0.0
2021-06-03 13:00:00,0.0
2021-06-03 14:00:00,0.0
2021-06-03 15:00:00,0.0
2021-06-03 16:00:00,0.0
2021-06-03 17:00:00,0.0
2021-06-03 18:00:00,0.0
2021-06-03 19:00:00,0.0
2021-06-03 20:00:00,0.0
2021-06-03 21:00:00,0.0
2021-06-03 22:00:00,0.0
2021-06-03 23:00:00,0.011991058349609375
2021-06-04 00:00:00,0.4208191680908203
2021-06-04 01:00:00,0.8810614166259765
2021-06-04 02:00:00,1.2661415557861329
2021-06-04 03:00:00,1.9082726593017578
2021-06-04 04:00:00,1.9894219818115233
2021-06-04 05:00:00,1.8817199401855467
2021-06-04 06:00:00,0.34600370025634763
2021-06-04 07:00:00,0.0
2021-06-04 08:00:00,0.0
2021-06-04 09:00:00,0.0
2021-06-04 10:00:00,0.0
2021-06-04 11:00:00,0.0
2021-06-04 12:00:00,0.0
2021-06-04 13:00:00,0.0
2021-06-04 14:00:00,0.0
2021-06-04 15:00:00,0.0
2021-06-04 16:00:00,0.0
2021-06-04 17:00:00,0.0
2021-06-04 18:00:00,0.0
2021-06-04 19:00:00,0.0
2021-06-04 20:00:00,0.0
2021-06-04 21:00:00,0.0
2021-06-04 22:00:00,0.059208995819091795
2021-06-04 23:00:00,0.4560673370361328
2021-06-05 00:00:00,0.7912564392089844
2021-06-05 01:00:00,1.1307806091308592
2021-06-05 02:00:00,1.3820830612182617
2021-06-05 03:00:00,2.0350129833221438
2021-06-05 04:00:00,2.4919530639648437
2021-06-05 05:00:00,1.8321290283203124
2021-06-05 06:00:00,0.9225628051757813
2021-06-05 07:00:00,0.21460704803466796
2021-06-05 08:00:00,0.0
2021-06-05 09:00:00,0.0
2021-06-05 10:00:00,0.0
2021-06-05 11:00:00,0.0
2021-06-05 12:00:00,0.0
2021-06-05 13:00:00,0.0
2021-06-05 14:00:00,0.0
2021-06-05 15:00:00,0.0
2021-06-05 16:00:00,0.0
2021-06-05 17:00:00,0.0
2021-06-05 18:00:00,0.0
2021-06-05 19:00:00,0.0
2021-06-05 20:00:00,0.0
2021-06-05 21:00:00,0.4172622680664063
2021-06-05 22:00:00,0.6937744750976562
2021-06-05 23:00:00,1.0228537216186524
2021-06-06 00:00:00,1.2288667221069336
2021-06-06 01:00:00,1.5309565811157226
2021-06-06 02:00:00,1.7976235961914062
2021-06-06 03:00:00,2.0679116168022156
2021-06-06 04:00:00,2.5636578483581545
2021-06-06 05:00:00,2.359055866241455
2021-06-06 06:00:00,1.2874366302490234
2021-06-06 07:00:00,1.7981529083251955
2021-06-06 08:00:00,1.0716974411010742
2021-06-06 09:00:00,0.0
2021-06-06 10:00:00,0.0
2021-06-06 11:00:00,0.0
2021-06-06 12:00:00,0.0
2021-06-06 13:00:00,0.0
2021-06-06 14:00:00,0.0
2021-06-06 15:00:00,0.0
2021-06-06 16:00:00,0.0
2021-06-06 17:00:00,0.0
2021-06-06 18:00:00,0.0
2021-06-06 19:00:00,0.1528201675415039
2021-06-06 20:00:00,0.6047718582153321
2021-06-06 21:00:00,1.2860230560302734
2021-06-06 22:00:00,1.3690481157302856
2021-06-06 23:00:00,1.7615591888427735
2021-06-07 00:00:00,1.8665140953063966
2021-06-07 01:00:00,2.480489730834961
2021-06-07 02:00:00,2.919427038192749
2021-06-07 03:00:00,6.409848049163818
2021-06-07 04:00:00,6.921569581985473
2021-06-07 05:00:00,6.422990245819092
2021-06-07 06:00:00,4.983641418457031
2021-06-07 07:00:00,2.683210357666016
2021-06-07 08:00:00,0.8670798797607422
2021-06-07 09:00:00,0.14889694213867188
2021-06-07 10:00:00,0.0
2021-06-07 11:00:00,0.0
2021-06-07 12:00:00,0.0
2021-06-07 13:00:00,0.0
2021-06-07 14:00:00,0.0
2021-06-07 15:00:00,0.0
2021-06-07 16:00:00,0.0
2021-06-07 17:00:00,0.0
2021-06-07 18:00:00,0.0
2021-06-07 19:00:00,0.09857753372192382
2021-06-07 20:00:00,0.5108189544677735
2021-06-07 21:00:00,1.0014686965942383
2021-06-07 22:00:00,1.9189959106445311
2021-06-07 23:00:00,3.5574116592407226
2021-06-08 00:00:00,4.530418712615967
2021-06-08 01:00:00,5.30118768119812
2021-06-08 02:00:00,5.506212432861329
2021-06-08 03:00:00,6.2442336273193355
2021-06-08 04:00:00,6.652308248519898
2021-06-08 05:00:00,6.954010101318359
2021-06-08 06:00:00,5.073460924148559
2021-06-08 07:00:00,3.427158248901367
2021-06-08 08:00:00,2.8826113471984867
2021-06-08 09:00:00,1.5986056480407713
2021-06-08 10:00:00,1.8917016525268555
2021-06-08 11:00:00,1.47538117313385
2021-06-08 12:00:00,1.065842044830322
2021-06-08 13:00:00,0.9365135498046875
2021-06-08 14:00:00,0.3168466796875
2021-06-08 15:00:00,0.0
2021-06-08 16:00:00,0.27740721130371093
2021-06-08 17:00:00,1.1461471557617187
2021-06-08 18:00:00,1.8433797607421876
2021-06-08 19:00:00,2.6069478759765623
2021-06-08 20:00:00,3.0655626525878903
2021-06-08 21:00:00,4.5202535438537605
2021-06-08 22:00:00,5.953125467300415
2021-06-08 23:00:00,6.310973488807678
2021-06-09 00:00:00,7.085454376220703
2021-06-09 01:00:00,7.4795666046142575
2021-06-09 02:00:00,7.644186096429825
2021-06-09 03:00:00,8.418422031402589
2021-06-09 04:00:00,8.810925621032716
2021-06-09 05:00:00,9.70026641845703
2021-06-09 06:00:00,7.3579687499999995
2021-06-09 07:00:00,4.564518791198731
2021-06-09 08:00:00,3.3956754150390625
2021-06-09 09:00:00,2.251406494140625
2021-06-09 10:00:00,1.4701576614379883
2021-06-09 11:00:00,1.2379376831054687
2021-06-09 12:00:00,1.6552637329101563
2021-06-09 13:00:00,1.867032775878906
2021-06-09 14:00:00,1.3606605618000032
2021-06-09 15:00:00,1.1303056488037109
2021-06-09 16:00:00,1.12561669921875
2021-06-09 17:00:00,1.2407794799804686
2021-06-09 18:00:00,1.3319065551757814
2021-06-09 19:00:00,2.0335346956253053
2021-06-09 20:00:00,2.909309539794922
2021-06-09 21:00:00,3.666234531402588
2021-06-09 22:00:00,5.0800598602294915
2021-06-09 23:00:00,6.181941284179688
2021-06-10 00:00:00,5.70027001953125
2021-06-10 01:00:00,6.676877709388733
2021-06-10 02:00:00,8.626341022491456
2021-06-10 03:00:00,8.966714036941529
2021-06-10 04:00:00,11.49559520339966
2021-06-10 05:00:00,11.139625595092774
2021-06-10 06:00:00,6.836735794067383
2021-06-10 07:00:00,1.864522413253784
2021-06-10 08:00:00,0.33489868927001953
2021-06-10 09:00:00,0.0
2021-06-10 10:00:00,0.0
2021-06-10 11:00:00,0.0
2021-06-10 12:00:00,0.0
2021-06-10 13:00:00,0.0
2021-06-10 14:00:00,0.0
2021-06-10 15:00:00,0.0
2021-06-10 16:00:00,0.0
2021-06-10 17:00:00,0.0
2021-06-10 18:00:00,0.0
2021-06-10 19:00:00,0.0
2021-06-10 20:00:00,0.0
2021-06-10 21:00:00,0.0
2021-06-10 22:00:00,0.0
2021-06-10 23:00:00,0.0
2021-06-11 00:00:00,0.23976956176757813
2021-06-11 01:00:00,0.4825928344726562
2021-06-11 02:00:00,0.6848660583496093
2021-06-11 03:00:00,0.9615714569091797
2021-06-11 04:00:00,1.375001678466797
2021-06-11 05:00:00,1.2935598831176758
2021-06-11 06:00:00,0.33187787055969237
2021-06-11 07:00:00,0.0
2021-06-11 08:00:00,0.0
2021-06-11 09:00:00,0.0
2021-06-11 10:00:00,0.0
2021-06-11 11:00:00,0.0
2021-06-11 12:00:00,0.0
2021-06-11 13:00:00,0.0
2021-06-11 14:00:00,0.0
2021-06-11 15:00:00,0.0
2021-06-11 16:00:00,0.0
2021-06-11 17:00:00,0.0
2021-06-11 18:00:00,0.0
2021-06-11 19:00:00,0.0
2021-06-11 20:00:00,0.0
2021-06-11 21:00:00,0.0
2021-06-11 22:00:00,0.0
2021-06-11 23:00:00,0.0
2021-06-12 00:00:00,0.0
2021-06-12 01:00:00,0.0
2021-06-12 02:00:00,0.0
2021-06-12 03:00:00,0.09308514785766601
2021-06-12 04:00:00,0.22457997131347657
2021-06-12 05:00:00,0.43382089233398435
2021-06-12 06:00:00,0.06928225708007812
2021-06-12 07:00:00,0.0
2021-06-12 08:00:00,0.0
2021-06-12 09:00:00,0.0
2021-06-12 10:00:00,0.0
2021-06-12 11:00:00,0.0
2021-06-12 12:00:00,0.0
2021-06-12 13:00:00,0.0
2021-06-12 14:00:00,0.0
2021-06-12 15:00:00,0.0
2021-06-12 16:00:00,0.0
2021-06-12 17:00:00,0.0
2021-06-12 18:00:00,0.0
2021-06-12 19:00:00,0.0
2021-06-12 20:00:00,0.0
2021-06-12 21:00:00,0.0
2021-06-12 22:00:00,0.49066235351562504
2021-06-12 23:00:00,0.4426180877685547
2021-06-13 00:00:00,0.7345737609863281
2021-06-13 01:00:00,0.8794850158691406
2021-06-13 02:00:00,1.157743469238281
2021-06-13 03:00:00,1.4006035079956054
2021-06-13 04:00:00,1.535796173095703
2021-06-13 05:00:00,1.6854967422485352
2021-06-13 06:00:00,1.229877841949463
2021-06-13 07:00:00,0.9578564453125
2021-06-13 08:00:00,1.3877577438354494
2021-06-13 09:00:00,0.8814709014892578
2021-06-13 10:00:00,0.16850829315185548
2021-06-13 11:00:00,0.0
2021-06-13 12:00:00,0.0
2021-06-13 13:00:00,0.08319368362426757
2021-06-13 14:00:00,0.0
2021-06-13 15:00:00,0.0
2021-06-13 16:00:00,0.0
2021-06-13 17:00:00,0.0
2021-06-13 18:00:00,0.1701730499267578
2021-06-13 19:00:00,0.32284342956542966
2021-06-13 20:00:00,1.083060546875
2021-06-13 21:00:00,2.0980172119140628
2021-06-13 22:00:00,3.02163009929657
2021-06-13 23:00:00,3.949095153808594
2021-06-14 00:00:00,4.793145751953125
2021-06-14 01:00:00,4.9899509887695315
2021-06-14 02:00:00,4.79777017211914
2021-06-14 03:00:00,5.614757614135742
2021-06-14 04:00:00,5.264328643798828
2021-06-14 05:00:00,5.9611526947021485
2021-06-14 06:00:00,4.351558319091797
2021-06-14 07:00:00,2.7239938430786133
2021-06-14 08:00:00,1.8173922653198242
2021-06-14 09:00:00,0.7875494194030761
2021-06-14 10:00:00,0.5084100036621094
2021-06-14 11:00:00,0.14435224914550782
2021-06-14 12:00:00,0.3691620483398438
2021-06-14 13:00:00,0.18360514831542968
2021-06-14 14:00:00,0.0
2021-06-14 15:00:00,0.0
2021-06-14 16:00:00,0.0
2021-06-14 17:00:00,0.0
2021-06-14 18:00:00,0.08177631187438965
2021-06-14 19:00:00,0.5222793426513672
2021-06-14 20:00:00,0.8505069274902344
2021-06-14 21:00:00,1.4206276473999022
2021-06-14 22:00:00,1.8139725952148438
2021-06-14 23:00:00,2.298141815185547
2021-06-15 00:00:00,2.668049774169922
2021-06-15 01:00:00,3.5102584533691408
2021-06-15 02:00:00,4.386236663818359
2021-06-15 03:00:00,4.851899536132812
2021-06-15 04:00:00,5.0611363220214844
2021-06-15 05:00:00,4.47788540649414
2021-06-15 06:00:00,2.663257095336914
2021-06-15 07:00:00,1.1852330017089843
2021-06-15 08:00:00,0.5320038299560547
2021-06-15 09:00:00,0.17794293975830078
2021-06-15 10:00:00,0.060652252197265624
2021-06-15 11:00:00,0.0
2021-06-15 12:00:00,0.0
2021-06-15 13:00:00,0.0
2021-06-15 14:00:00,0.0
2021-06-15 15:00:00,0.0
2021-06-15 16:00:00,0.0
2021-06-15 17:00:00,0.0
2021-06-15 18:00:00,0.0
2021-06-15 19:00:00,0.0
2021-06-15 20:00:00,0.25541454315185547
2021-06-15 21:00:00,0.996841209411621
2021-06-15 22:00:00,1.4482772827148436
2021-06-15 23:00:00,2.1136275329589846
2021-06-16 00:00:00,3.1999840393066403
2021-06-16 01:00:00,4.00099787902832
2021-06-16 02:00:00,5.122472595214844
2021-06-16 03:00:00,5.347598083496094
2021-06-16 04:00:00,6.0743950119018555
2021-06-16 05:00:00,6.416952163696289
2021-06-16 06:00:00,4.4102128295898435
2021-06-16 07:00:00,1.9401097106933594
2021-06-16 08:00:00,0.8818569946289063
2021-06-16 09:00:00,0.1408871078491211
2021-06-16 10:00:00,0.0
2021-06-16 11:00:00,0.0
2021-06-16 12:00:00,0.0
2021-06-16 13:00:00,0.0
2021-06-16 14:00:00,0.0
2021-06-16 15:00:00,0.0
2021-06-16 16:00:00,0.0
2021-06-16 17:00:00,0.0
2021-06-16 18:00:00,0.0
2021-06-16 19:00:00,0.0
2021-06-16 20:00:00,0.2157305450439453
2021-06-16 21:00:00,0.8289244689941406
2021-06-16 22:00:00,1.2594585723876954
2021-06-16 23:00:00,1.599235885620117
2021-06-17 00:00:00,2.1227586669921874
2021-06-17 01:00:00,2.3566929931640628
2021-06-17 02:00:00,3.446165786743164
2021-06-17 03:00:00,4.628236640930176
2021-06-17 04:00:00,5.095511474609375
2021-06-17 05:00:00,4.989005095720291
2021-06-17 06:00:00,3.62333219909668
2021-06-17 07:00:00,2.518648895263672
2021-06-17 08:00:00,1.6005981674194336
2021-06-17 09:00:00,0.8268816528320313
2021-06-17 10:00:00,0.6187220153808594
2021-06-17 11:00:00,0.3901572723388672
2021-06-17 12:00:00,0.059369266271591184
2021-06-17 13:00:00,0.0
2021-06-17 14:00:00,0.0
2021-06-17 15:00:00,0.0
2021-06-17 16:00:00,0.0
2021-06-17 17:00:00,0.0
2021-06-17 18:00:00,0.0
2021-06-17 19:00:00,0.0
2021-06-17 20:00:00,0.24194393157958982
2021-06-17 21:00:00,0.5536267089843749
2021-06-17 22:00:00,1.599232042312622
2021-06-17 23:00:00,2.699280174255371
2021-06-18 00:00:00,3.471711181640625
2021-06-18 01:00:00,4.091506429672242
2021-06-18 02:00:00,4.61213427734375
2021-06-18 03:00:00,4.994179950237274
2021-06-18 04:00:00,4.918407836914063
2021-06-18 05:00:00,3.950268524169922
2021-06-18 06:00:00,1.47197900390625
2021-06-18 07:00:00,0.6192497215270996
2021-06-18 08:00:00,0.0
2021-06-18 09:00:00,0.0
2021-06-18 10:00:00,0.0
2021-06-18 11:00:00,0.0
2021-06-18 12:00:00,0.0
2021-06-18 13:00:00,0.0
2021-06-18 14:00:00,0.0
2021-06-18 15:00:00,0.0
2021-06-18 16:00:00,0.0
2021-06-18 17:00:00,0.0
2021-06-18 18:00:00,0.0
2021-06-18 19:00:00,0.0
2021-06-18 20:00:00,0.0
2021-06-18 21:00:00,0.0
2021-06-18 22:00:00,0.0
2021-06-18 23:00:00,0.0
2021-06-19 00:00:00,0.0
2021-06-19 01:00:00,0.0
2021-06-19 02:00:00,0.029077659606933592
2021-06-19 03:00:00,0.3426732788085938
2021-06-19 04:00:00,0.5729319839477539
2021-06-19 05:00:00,0.3361098937988281
2021-06-19 06:00:00,0.0
2021-06-19 07:00:00,0.0
2021-06-19 08:00:00,0.0
2021-06-19 09:00:00,0.0
2021-06-19 10:00:00,0.0
2021-06-19 11:00:00,0.0
2021-06-19 12:00:00,0.0
2021-06-19 13:00:00,0.0
2021-06-19 14:00:00,0.0
2021-06-19 15:00:00,0.0
2021-06-19 16:00:00,0.0
2021-06-19 17:00:00,0.0
2021-06-19 18:00:00,0.0
2021-06-19 19:00:00,0.0
2021-06-19 20:00:00,0.0
2021-06-19 21:00:00,0.0
2021-06-19 22:00:00,0.3106576614379883
2021-06-19 23:00:00,0.3255792846679687
2021-06-20 00:00:00,0.40714593505859376
2021-06-20 01:00:00,0.48499876403808595
2021-06-20 02:00:00,0.6868886489868165
2021-06-20 03:00:00,0.8810019588470459
2021-06-20 04:00:00,0.8360720481872559
2021-06-20 05:00:00,0.7823818093538284
2021-06-20 06:00:00,0.2800522155761719
2021-06-20 07:00:00,0.0
2021-06-20 08:00:00,0.0
2021-06-20 09:00:00,0.0
2021-06-20 10:00:00,0.0
2021-06-20 11:00:00,0.0
2021-06-20 12:00:00,0.0
2021-06-20 13:00:00,0.0
2021-06-20 14:00:00,0.0
2021-06-20 15:00:00,0.0
2021-06-20 16:00:00,0.0
2021-06-20 17:00:00,0.0
2021-06-20 18:00:00,0.0
2021-06-20 19:00:00,0.0
2021-06-20 20:00:00,0.0
2021-06-20 21:00:00,0.0
2021-06-20 22:00:00,0.0
2021-06-20 23:00:00,0.0
2021-06-21 00:00:00,0.0
2021-06-21 01:00:00,0.0
2021-06-21 02:00:00,0.0
2021-06-21 03:00:00,0.0
2021-06-21 04:00:00,0.0
2021-06-21 05:00:00,0.0
2021-06-21 06:00:00,0.0
2021-06-21 07:00:00,0.0
2021-06-21 08:00:00,0.0
2021-06-21 09:00:00,0.0
2021-06-21 10:00:00,0.0
2021-06-21 11:00:00,0.0
2021-06-21 12:00:00,0.0
2021-06-21 13:00:00,0.0
2021-06-21 14:00:00,0.0
2021-06-21 15:00:00,0.0
2021-06-21 16:00:00,0.0
2021-06-21 17:00:00,0.0
2021-06-21 18:00:00,0.0
2021-06-21 19:00:00,0.0
2021-06-21 20:00:00,0.0
2021-06-21 21:00:00,0.0
2021-06-21 22:00:00,0.0
2021-06-21 23:00:00,0.0
2021-06-22 00:00:00,0.0
2021-06-22 01:00:00,0.0
2021-06-22 02:00:00,0.0
2021-06-22 03:00:00,0.19228494262695314
2021-06-22 04:00:00,0.4527911682128906
2021-06-22 05:00:00,0.42236022949218754
2021-06-22 06:00:00,0.0
2021-06-22 07:00:00,0.0
2021-06-22 08:00:00,0.0
2021-06-22 09:00:00,0.0
2021-06-22 10:00:00,0.0
2021-06-22 11:00:00,0.0
2021-06-22 12:00:00,0.0
2021-06-22 13:00:00,0.0
2021-06-22 14:00:00,0.0
2021-06-22 15:00:00,0.0
2021-06-22 16:00:00,0.0
2021-06-22 17:00:00,0.0
2021-06-22 18:00:00,0.0
2021-06-22 19:00:00,0.0
2021-06-22 20:00:00,0.0
2021-06-22 21:00:00,0.0
2021-06-22 22:00:00,0.0
2021-06-22 23:00:00,0.0
2021-06-23 00:00:00,0.0
2021-06-23 01:00:00,0.009174962043762206
2021-06-23 02:00:00,0.06098843002319336
2021-06-23 03:00:00,0.23072593688964843
2021-06-23 04:00:00,0.4185796585083008
2021-06-23 05:00:00,0.4193670082092285
2021-06-23 06:00:00,0.0
2021-06-23 07:00:00,0.0
2021-06-23 08:00:00,0.0
2021-06-23 09:00:00,0.0
2021-06-23 10:00:00,0.0
2021-06-23 11:00:00,0.0
2021-06-23 12:00:00,0.0
2021-06-23 13:00:00,0.0
2021-06-23 14:00:00,0.0
2021-06-23 15:00:00,0.0
2021-06-23 16:00:00,0.0
2021-06-23 17:00:00,0.0
2021-06-23 18:00:00,0.0
2021-06-23 19:00:00,0.0
2021-06-23 20:00:00,0.0
2021-06-23 21:00:00,0.0
2021-06-23 22:00:00,0.0
2021-06-23 23:00:00,0.0
2021-06-24 00:00:00,0.0
2021-06-24 01:00:00,0.04116179275512695
2021-06-24 02:00:00,0.10039097595214844
2021-06-24 03:00:00,0.1715665283203125
2021-06-24 04:00:00,0.34854830932617187
2021-06-24 05:00:00,0.3225699920654297
2021-06-24 06:00:00,0.0
2021-06-24 07:00:00,0.0
2021-06-24 08:00:00,0.0
2021-06-24 09:00:00,0.0
2021-06-24 10:00:00,0.0
2021-06-24 11:00:00,0.0
2021-06-24 12:00:00,0.0
2021-06-24 13:00:00,0.0
2021-06-24 14:00:00,0.0
2021-06-24 15:00:00,0.0
2021-06-24 16:00:00,0.0
2021-06-24 17:00:00,0.0
2021-06-24 18:00:00,0.0
2021-06-24 19:00:00,0.0
2021-06-24 20:00:00,0.0
2021-06-24 21:00:00,0.0
2021-06-24 22:00:00,0.0
2021-06-24 23:00:00,0.0
2021-06-25 00:00:00,0.0
2021-06-25 01:00:00,0.0
2021-06-25 02:00:00,0.0
2021-06-25 03:00:00,0.0
2021-06-25 04:00:00,0.0
2021-06-25 05:00:00,0.0
2021-06-25 06:00:00,0.0
2021-06-25 07:00:00,0.0
2021-06-25 08:00:00,0.0
2021-06-25 09:00:00,0.0
2021-06-25 10:00:00,0.0
2021-06-25 11:00:00,0.0
2021-06-25 12:00:00,0.0
2021-06-25 13:00:00,0.0
2021-06-25 14:00:00,0.0
2021-06-25 15:00:00,0.0
2021-06-25 16:00:00,0.0
2021-06-25 17:00:00,0.0
2021-06-25 18:00:00,0.0
2021-06-25 19:00:00,0.0
2021-06-25 20:00:00,0.0
2021-06-25 21:00:00,0.0
2021-06-25 22:00:00,0.0
2021-06-25 23:00:00,0.0
2021-06-26 00:00:00,0.017972114562988282
2021-06-26 01:00:00,0.16793228149414063
2021-06-26 02:00:00,0.27008230590820315
2021-06-26 03:00:00,0.38160812377929687
2021-06-26 04:00:00,0.5222636413574219
2021-06-26 05:00:00,0.5559332122802735
2021-06-26 06:00:00,0.0
2021-06-26 07:00:00,0.0
2021-06-26 08:00:00,0.0
2021-06-26 09:00:00,0.0
2021-06-26 10:00:00,0.0
2021-06-26 11:00:00,0.0
2021-06-26 12:00:00,0.0
2021-06-26 13:00:00,0.0
2021-06-26 14:00:00,0.0
2021-06-26 15:00:00,0.0
2021-06-26 16:00:00,0.0
2021-06-26 17:00:00,0.0
2021-06-26 18:00:00,0.0
2021-06-26 19:00:00,0.0
2021-06-26 20:00:00,0.0
2021-06-26 21:00:00,0.0
2021-06-26 22:00:00,0.0
2021-06-26 23:00:00,0.0
2021-06-27 00:00:00,0.04652388381958008
2021-06-27 01:00:00,0.10360970306396484
2021-06-27 02:00:00,0.17159034729003905
2021-06-27 03:00:00,0.22176197814941406
2021-06-27 04:00:00,0.2882787709236145
2021-06-27 05:00:00,0.27625251579284665
2021-06-27 06:00:00,0.0
2021-06-27 07:00:00,0.0
2021-06-27 08:00:00,0.0
2021-06-27 09:00:00,0.0
2021-06-27 10:00:00,0.0
2021-06-27 11:00:00,0.0
2021-06-27 12:00:00,0.0
2021-06-27 13:00:00,0.0
2021-06-27 14:00:00,0.0
2021-06-27 15:00:00,0.0
2021-06-27 16:00:00,0.0
2021-06-27 17:00:00,0.0
2021-06-27 18:00:00,0.0
2021-06-27 19:00:00,0.0
2021-06-27 20:00:00,0.0
2021-06-27 21:00:00,0.0
2021-06-27 22:00:00,0.009539887428283692
2021-06-27 23:00:00,0.26767760467529295
2021-06-28 00:00:00,0.40180674743652345
2021-06-28 01:00:00,0.5612142028808593
2021-06-28 02:00:00,0.5899906005859376
2021-06-28 03:00:00,0.5914347839355468
2021-06-28 04:00:00,0.6882860717773438
2021-06-28 05:00:00,0.6951547241210938
2021-06-28 06:00:00,0.3287274990081787
2021-06-28 07:00:00,0.0
2021-06-28 08:00:00,0.0
2021-06-28 09:00:00,0.0
2021-06-28 10:00:00,0.0
2021-06-28 11:00:00,0.0
2021-06-28 12:00:00,0.0
2021-06-28 13:00:00,0.0
2021-06-28 14:00:00,0.0
2021-06-28 15:00:00,0.0
2021-06-28 16:00:00,0.0
2021-06-28 17:00:00,0.0
2021-06-28 18:00:00,0.0
2021-06-28 19:00:00,0.0
2021-06-28 20:00:00,0.0
2021-06-28 21:00:00,0.0
2021-06-28 22:00:00,0.0
2021-06-28 23:00:00,0.0
2021-06-29 00:00:00,0.012181141853332519
2021-06-29 01:00:00,0.08706715393066407
2021-06-29 02:00:00,0.141836669921875
2021-06-29 03:00:00,0.2348031997680664
2021-06-29 04:00:00,0.30624788665771485
2021-06-29 05:00:00,0.11628399658203124
2021-06-29 06:00:00,0.0
2021-06-29 07:00:00,0.0
2021-06-29 08:00:00,0.0
2021-06-29 09:00:00,0.0
2021-06-29 10:00:00,0.0
2021-06-29 11:00:00,0.0
2021-06-29 12:00:00,0.0
2021-06-29 13:00:00,0.0
2021-06-29 14:00:00,0.0
2021-06-29 15:00:00,0.0
2021-06-29 16:00:00,0.0
2021-06-29 17:00:00,0.0
2021-06-29 18:00:00,0.0
2021-06-29 19:00:00,0.0
2021-06-29 20:00:00,0.0
2021-06-29 21:00:00,0.0
2021-06-29 22:00:00,0.0
2021-06-29 23:00:00,0.0
2021-06-30 00:00:00,0.0
2021-06-30 01:00:00,0.0
2021-06-30 02:00:00,0.0
2021-06-30 03:00:00,0.0
2021-06-30 04:00:00,0.064032470703125
2021-06-30 05:00:00,0.11292127227783205
2021-06-30 06:00:00,0.0
2021-06-30 07:00:00,0.0
2021-06-30 08:00:00,0.0
2021-06-30 09:00:00,0.0
2021-06-30 10:00:00,0.0
2021-06-30 11:00:00,0.0
2021-06-30 12:00:00,0.0
2021-06-30 13:00:00,0.0
2021-06-30 14:00:00,0.0
2021-06-30 15:00:00,0.0
2021-06-30 16:00:00,0.0
2021-06-30 17:00:00,0.0
2021-06-30 18:00:00,0.0
2021-06-30 19:00:00,0.0
2021-06-30 20:00:00,0.0
2021-06-30 21:00:00,0.0
2021-06-30 22:00:00,0.0
2021-06-30 23:00:00,0.0
2021-07-01 00:00:00,0.0
2021-07-01 01:00:00,0.0
2021-07-01 02:00:00,0.0
2021-07-01 03:00:00,0.0
2021-07-01 04:00:00,0.0
2021-07-01 05:00:00,0.0
2021-07-01 06:00:00,0.0
2021-07-01 07:00:00,0.0
2021-07-01 08:00:00,0.0
2021-07-01 09:00:00,0.0
2021-07-01 10:00:00,0.0
2021-07-01 11:00:00,0.0
2021-07-01 12:00:00,0.0
2021-07-01 13:00:00,0.0
2021-07-01 14:00:00,0.0
2021-07-01 15:00:00,0.0
2021-07-01 16:00:00,0.0
2021-07-01 17:00:00,0.0
2021-07-01 18:00:00,0.0
2021-07-01 19:00:00,0.0
2021-07-01 20:00:00,0.0
2021-07-01 21:00:00,0.0
2021-07-01 22:00:00,0.0
2021-07-01 23:00:00,0.0
2021-07-02 00:00:00,0.0
2021-07-02 01:00:00,0.0
2021-07-02 02:00:00,0.0
2021-07-02 03:00:00,0.0
2021-07-02 04:00:00,0.0
2021-07-02 05:00:00,0.0
2021-07-02 06:00:00,0.0
2021-07-02 07:00:00,0.0
2021-07-02 08:00:00,0.0
2021-07-02 09:00:00,0.0
2021-07-02 10:00:00,0.0
2021-07-02 11:00:00,0.0
2021-07-02 12:00:00,0.0
2021-07-02 13:00:00,0.0
2021-07-02 14:00:00,0.0
2021-07-02 15:00:00,0.0
2021-07-02 16:00:00,0.0
2021-07-02 17:00:00,0.0
2021-07-02 18:00:00,0.0
2021-07-02 19:00:00,0.0
2021-07-02 20:00:00,0.0
2021-07-02 21:00:00,0.0
2021-07-02 22:00:00,0.0
2021-07-02 23:00:00,0.0
2021-07-03 00:00:00,0.0
2021-07-03 01:00:00,0.0
2021-07-03 02:00:00,0.0
2021-07-03 03:00:00,0.0
2021-07-03 04:00:00,0.0
2021-07-03 05:00:00,0.0
2021-07-03 06:00:00,0.0
2021-07-03 07:00:00,0.0
2021-07-03 08:00:00,0.0
2021-07-03 09:00:00,0.0
2021-07-03 10:00:00,0.0
2021-07-03 11:00:00,0.0
2021-07-03 12:00:00,0.0
2021-07-03 13:00:00,0.0
2021-07-03 14:00:00,0.0
2021-07-03 15:00:00,0.0
2021-07-03 16:00:00,0.0
2021-07-03 17:00:00,0.0
2021-07-03 18:00:00,0.0
2021-07-03 19:00:00,0.0
2021-07-03 20:00:00,0.0
2021-07-03 21:00:00,0.0
2021-07-03 22:00:00,0.0
2021-07-03 23:00:00,0.0
2021-07-04 00:00:00,0.0
2021-07-04 01:00:00,0.0
2021-07-04 02:00:00,0.0
2021-07-04 03:00:00,0.0
2021-07-04 04:00:00,0.0
2021-07-04 05:00:00,0.0
2021-07-04 06:00:00,0.0
2021-07-04 07:00:00,0.0
2021-07-04 08:00:00,0.0
2021-07-04 09:00:00,0.0
2021-07-04 10:00:00,0.0
2021-07-04 11:00:00,0.0
2021-07-04 12:00:00,0.0
2021-07-04 13:00:00,0.0
2021-07-04 14:00:00,0.0
2021-07-04 15:00:00,0.0
2021-07-04 16:00:00,0.0
2021-07-04 17:00:00,0.0
2021-07-04 18:00:00,0.0
2021-07-04 19:00:00,0.0
2021-07-04 20:00:00,0.0
2021-07-04 21:00:00,0.0
2021-07-04 22:00:00,0.0
2021-07-04 23:00:00,0.0
2021-07-05 00:00:00,0.0
2021-07-05 01:00:00,0.0
2021-07-05 02:00:00,0.0
2021-07-05 03:00:00,0.0
2021-07-05 04:00:00,0.0
2021-07-05 05:00:00,0.0
2021-07-05 06:00:00,0.0
2021-07-05 07:00:00,0.0
2021-07-05 08:00:00,0.0
2021-07-05 09:00:00,0.0
2021-07-05 10:00:00,0.0
2021-07-05 11:00:00,0.0
2021-07-05 12:00:00,0.0
2021-07-05 13:00:00,0.0
2021-07-05 14:00:00,0.0
2021-07-05 15:00:00,0.0
2021-07-05 16:00:00,0.0
2021-07-05 17:00:00,0.0
2021-07-05 18:00:00,0.0
2021-07-05 19:00:00,0.0
2021-07-05 20:00:00,0.0
2021-07-05 21:00:00,0.0
2021-07-05 22:00:00,0.0
2021-07-05 23:00:00,0.0
2021-07-06 00:00:00,0.0
2021-07-06 01:00:00,0.0
2021-07-06 02:00:00,0.0
2021-07-06 03:00:00,0.0
2021-07-06 04:00:00,0.0
2021-07-06 05:00:00,0.0
2021-07-06 06:00:00,0.0
2021-07-06 07:00:00,0.0
2021-07-06 08:00:00,0.0
2021-07-06 09:00:00,0.0
2021-07-06 10:00:00,0.0
2021-07-06 11:00:00,0.0
2021-07-06 12:00:00,0.0
2021-07-06 13:00:00,0.0
2021-07-06 14:00:00,0.0
2021-07-06 15:00:00,0.0
2021-07-06 16:00:00,0.0
2021-07-06 17:00:00,0.0
2021-07-06 18:00:00,0.0
2021-07-06 19:00:00,0.0
2021-07-06 20:00:00,0.0
2021-07-06 21:00:00,0.0
2021-07-06 22:00:00,0.0
2021-07-06 23:00:00,0.0
2021-07-07 00:00:00,0.0
2021-07-07 01:00:00,0.0
2021-07-07 02:00:00,0.0
2021-07-07 03:00:00,0.0
2021-07-07 04:00:00,0.0
2021-07-07 05:00:00,0.0
2021-07-07 06:00:00,0.0
2021-07-07 07:00:00,0.0
2021-07-07 08:00:00,0.0
2021-07-07 09:00:00,0.0
2021-07-07 10:00:00,0.0
2021-07-07 11:00:00,0.0
2021-07-07 12:00:00,0.0
2021-07-07 13:00:00,0.0
2021-07-07 14:00:00,0.0
2021-07-07 15:00:00,0.0
2021-07-07 16:00:00,0.0
2021-07-07 17:00:00,0.0
2021-07-07 18:00:00,0.0
2021-07-07 19:00:00,0.0
2021-07-07 20:00:00,0.21662469482421876
2021-07-07 21:00:00,0.257980712890625
2021-07-07 22:00:00,0.37141517639160154
2021-07-07 23:00:00,0.4611449375152588
2021-07-08 00:00:00,0.6349049434661865
2021-07-08 01:00:00,0.7868138122558593
2021-07-08 02:00:00,0.8947100219726563
2021-07-08 03:00:00,1.1012977180480956
2021-07-08 04:00:00,1.3949611587524413
2021-07-08 05:00:00,0.968527099609375
2021-07-08 06:00:00,0.012636863231658935
2021-07-08 07:00:00,0.0
2021-07-08 08:00:00,0.0
2021-07-08 09:00:00,0.0
2021-07-08 10:00:00,0.0
2021-07-08 11:00:00,0.0
2021-07-08 12:00:00,0.0
2021-07-08 13:00:00,0.0
2021-07-08 14:00:00,0.0
2021-07-08 15:00:00,0.0
2021-07-08 16:00:00,0.0
2021-07-08 17:00:00,0.0
2021-07-08 18:00:00,0.0
2021-07-08 19:00:00,0.0
2021-07-08 20:00:00,0.0
2021-07-08 21:00:00,0.0
2021-07-08 22:00:00,0.07643433380126953
2021-07-08 23:00:00,0.2282656097412109
2021-07-09 00:00:00,0.3246970672607422
2021-07-09 01:00:00,0.5022546234130859
2021-07-09 02:00:00,0.5155789642333984
2021-07-09 03:00:00,0.4723046722412109
2021-07-09 04:00:00,0.5404440307617188
2021-07-09 05:00:00,0.6081683044433593
2021-07-09 06:00:00,0.3082021865844727
2021-07-09 07:00:00,0.12529906463623044
2021-07-09 08:00:00,0.012226441383361817
2021-07-09 09:00:00,0.0
2021-07-09 10:00:00,0.0
2021-07-09 11:00:00,0.0
2021-07-09 12:00:00,0.0
2021-07-09 13:00:00,0.0
2021-07-09 14:00:00,0.0
2021-07-09 15:00:00,0.0
2021-07-09 16:00:00,0.0
2021-07-09 17:00:00,0.0
2021-07-09 18:00:00,0.0
2021-07-09 19:00:00,0.0
2021-07-09 20:00:00,0.0
2021-07-09 21:00:00,0.0
2021-07-09 22:00:00,0.3412622985839844
2021-07-09 23:00:00,0.5897180480957032
2021-07-10 00:00:00,0.6488939208984374
2021-07-10 01:00:00,0.7382587585449218
2021-07-10 02:00:00,0.7743755493164063
2021-07-10 03:00:00,0.8515675048828125
2021-07-10 04:00:00,1.0042516613006591
2021-07-10 05:00:00,1.2274656872749328
2021-07-10 06:00:00,0.6118193130493164
2021-07-10 07:00:00,0.029639986038208006
2021-07-10 08:00:00,0.0
2021-07-10 09:00:00,0.0
2021-07-10 10:00:00,0.0
2021-07-10 11:00:00,0.0
2021-07-10 12:00:00,0.0
2021-07-10 13:00:00,0.0
2021-07-10 14:00:00,0.0
2021-07-10 15:00:00,0.0
2021-07-10 16:00:00,0.0
2021-07-10 17:00:00,0.0
2021-07-10 18:00:00,0.0
2021-07-10 19:00:00,0.0
2021-07-10 20:00:00,0.0
2021-07-10 21:00:00,0.21991343688964843
2021-07-10 22:00:00,0.48984100341796877
2021-07-10 23:00:00,0.7649347229003907
2021-07-11 00:00:00,0.9489574279785157
2021-07-11 01:00:00,0.9975549621582032
2021-07-11 02:00:00,1.0904610900878906
2021-07-11 03:00:00,1.2310890617370605
2021-07-11 04:00:00,1.6578022527694702
2021-07-11 05:00:00,1.8007735986709594
2021-07-11 06:00:00,1.013330846786499
2021-07-11 07:00:00,0.20279629516601566
2021-07-11 08:00:00,0.0
2021-07-11 09:00:00,0.0
2021-07-11 10:00:00,0.0
2021-07-11 11:00:00,0.0
2021-07-11 12:00:00,0.0
2021-07-11 13:00:00,0.0
2021-07-11 14:00:00,0.0
2021-07-11 15:00:00,0.0
2021-07-11 16:00:00,0.0
2021-07-11 17:00:00,0.0
2021-07-11 18:00:00,0.0
2021-07-11 19:00:00,0.0
2021-07-11 20:00:00,0.0
2021-07-11 21:00:00,0.0
2021-07-11 22:00:00,0.13594879150390626
2021-07-11 23:00:00,0.4620558013916016
2021-07-12 00:00:00,0.7016363220214844
2021-07-12 01:00:00,1.0481742935180665
2021-07-12 02:00:00,1.5041692657470702
2021-07-12 03:00:00,1.935815040588379
2021-07-12 04:00:00,2.344879135131836
2021-07-12 05:00:00,2.096082172393799
2021-07-12 06:00:00,1.1637208709716798
2021-07-12 07:00:00,0.003832648754119873
2021-07-12 08:00:00,0.0
2021-07-12 09:00:00,0.0
2021-07-12 10:00:00,0.0
2021-07-12 11:00:00,0.0
2021-07-12 12:00:00,0.0
2021-07-12 13:00:00,0.0
2021-07-12 14:00:00,0.0
2021-07-12 15:00:00,0.0
2021-07-12 16:00:00,0.0
2021-07-12 17:00:00,0.0
2021-07-12 18:00:00,0.0
2021-07-12 19:00:00,0.0
2021-07-12 20:00:00,0.0
2021-07-12 21:00:00,0.0
2021-07-12 22:00:00,0.0
2021-07-12 23:00:00,0.0
2021-07-13 00:00:00,0.0
2021-07-13 01:00:00,0.0
2021-07-13 02:00:00,0.10288951873779296
2021-07-13 03:00:00,0.3395684051513672
2021-07-13 04:00:00,0.4693149032592773
2021-07-13 05:00:00,0.6735858535766601
2021-07-13 06:00:00,0.01564472007751465
2021-07-13 07:00:00,0.0
2021-07-13 08:00:00,0.0
2021-07-13 09:00:00,0.0
2021-07-13 10:00:00,0.0
2021-07-13 11:00:00,0.0
2021-07-13 12:00:00,0.0
2021-07-13 13:00:00,0.0
2021-07-13 14:00:00,0.0
2021-07-13 15:00:00,0.0
2021-07-13 16:00:00,0.0
2021-07-13 17:00:00,0.0
2021-07-13 18:00:00,0.0
2021-07-13 19:00:00,0.0
2021-07-13 20:00:00,0.0
2021-07-13 21:00:00,0.0
2021-07-13 22:00:00,0.0
2021-07-13 23:00:00,0.0
2021-07-14 00:00:00,0.0
2021-07-14 01:00:00,0.0
2021-07-14 02:00:00,0.026934015274047853
2021-07-14 03:00:00,0.08917728424072266
2021-07-14 04:00:00,0.06200194931030274
2021-07-14 05:00:00,0.0
2021-07-14 06:00:00,0.0
2021-07-14 07:00:00,0.0
2021-07-14 08:00:00,0.0
2021-07-14 09:00:00,0.0
2021-07-14 10:00:00,0.0
2021-07-14 11:00:00,0.0
2021-07-14 12:00:00,0.0
2021-07-14 13:00:00,0.0
2021-07-14 14:00:00,0.0
2021-07-14 15:00:00,0.0
2021-07-14 16:00:00,0.0
2021-07-14 17:00:00,0.0
2021-07-14 18:00:00,0.0
2021-07-14 19:00:00,0.0
2021-07-14 20:00:00,0.0
2021-07-14 21:00:00,0.0
2021-07-14 22:00:00,0.0
2021-07-14 23:00:00,0.0
2021-07-15 00:00:00,0.0
2021-07-15 01:00:00,0.0
2021-07-15 02:00:00,0.0
2021-07-15 03:00:00,0.0
2021-07-15 04:00:00,0.0
2021-07-15 05:00:00,0.0
2021-07-15 06:00:00,0.0
2021-07-15 07:00:00,0.0
2021-07-15 08:00:00,0.0
2021-07-15 09:00:00,0.0
2021-07-15 10:00:00,0.0
2021-07-15 11:00:00,0.0
2021-07-15 12:00:00,0.0
2021-07-15 13:00:00,0.0
2021-07-15 14:00:00,0.0
2021-07-15 15:00:00,0.0
2021-07-15 16:00:00,0.0
2021-07-15 17:00:00,0.0
2021-07-15 18:00:00,0.0
2021-07-15 19:00:00,0.0
2021-07-15 20:00:00,0.0
2021-07-15 21:00:00,0.0
2021-07-15 22:00:00,0.0
2021-07-15 23:00:00,0.0
2021-07-16 00:00:00,0.0
2021-07-16 01:00:00,0.0
2021-07-16 02:00:00,0.0
2021-07-16 03:00:00,0.0
2021-07-16 04:00:00,0.0
2021-07-16 05:00:00,0.0
2021-07-16 06:00:00,0.0
2021-07-16 07:00:00,0.0
2021-07-16 08:00:00,0.0
2021-07-16 09:00:00,0.0
2021-07-16 10:00:00,0.0
2021-07-16 11:00:00,0.0
2021-07-16 12:00:00,0.0
2021-07-16 13:00:00,0.0
2021-07-16 14:00:00,0.0
2021-07-16 15:00:00,0.0
2021-07-16 16:00:00,0.0
2021-07-16 17:00:00,0.0
2021-07-16 18:00:00,0.0
2021-07-16 19:00:00,0.0
2021-07-16 20:00:00,0.0
2021-07-16 21:00:00,0.0
2021-07-16 22:00:00,0.0
2021-07-16 23:00:00,0.0
2021-07-17 00:00:00,0.0
2021-07-17 01:00:00,0.0
2021-07-17 02:00:00,0.0
2021-07-17 03:00:00,0.0
2021-07-17 04:00:00,0.0
2021-07-17 05:00:00,0.0
2021-07-17 06:00:00,0.0
2021-07-17 07:00:00,0.0
2021-07-17 08:00:00,0.0
2021-07-17 09:00:00,0.0
2021-07-17 10:00:00,0.0
2021-07-17 11:00:00,0.0
2021-07-17 12:00:00,0.0
2021-07-17 13:00:00,0.0
2021-07-17 14:00:00,0.0
2021-07-17 15:00:00,0.0
2021-07-17 16:00:00,0.0
2021-07-17 17:00:00,0.0
2021-07-17 18:00:00,0.0
2021-07-17 19:00:00,0.0
2021-07-17 20:00:00,0.0
2021-07-17 21:00:00,0.0
2021-07-17 22:00:00,0.0
2021-07-17 23:00:00,0.0
2021-07-18 00:00:00,0.0
2021-07-18 01:00:00,0.0
2021-07-18 02:00:00,0.0
2021-07-18 03:00:00,0.0
2021-07-18 04:00:00,0.0
2021-07-18 05:00:00,0.15973994445800782
2021-07-18 06:00:00,0.0
2021-07-18 07:00:00,0.21331004333496092
2021-07-18 08:00:00,0.05920232009887695
2021-07-18 09:00:00,0.0
2021-07-18 10:00:00,0.0
2021-07-18 11:00:00,0.0
2021-07-18 12:00:00,0.0
2021-07-18 13:00:00,0.0
2021-07-18 14:00:00,0.0
2021-07-18 15:00:00,0.0
2021-07-18 16:00:00,0.0
2021-07-18 17:00:00,0.0
2021-07-18 18:00:00,0.0
2021-07-18 19:00:00,0.0
2021-07-18 20:00:00,0.0
2021-07-18 21:00:00,0.2719654846191406
2021-07-18 22:00:00,0.3509483337402344
2021-07-18 23:00:00,0.3059800758361817
2021-07-19 00:00:00,0.30972259521484374
2021-07-19 01:00:00,0.2918142395019531
2021-07-19 02:00:00,0.3042762756347656
2021-07-19 03:00:00,0.38872790908813476
2021-07-19 04:00:00,0.4406968765258789
2021-07-19 05:00:00,0.5921459197998047
2021-07-19 06:00:00,0.0
2021-07-19 07:00:00,0.0
2021-07-19 08:00:00,0.0
2021-07-19 09:00:00,0.0
2021-07-19 10:00:00,0.0
2021-07-19 11:00:00,0.0
2021-07-19 12:00:00,0.0
2021-07-19 13:00:00,0.0
2021-07-19 14:00:00,0.0
2021-07-19 15:00:00,0.0
2021-07-19 16:00:00,0.0
2021-07-19 17:00:00,0.0
2021-07-19 18:00:00,0.0
2021-07-19 19:00:00,0.0
2021-07-19 20:00:00,0.0
2021-07-19 21:00:00,0.0
2021-07-19 22:00:00,0.0
2021-07-19 23:00:00,0.0
2021-07-20 00:00:00,0.0
2021-07-20 01:00:00,0.0
2021-07-20 02:00:00,0.0
2021-07-20 03:00:00,0.0
2021-07-20 04:00:00,0.0
2021-07-20 05:00:00,0.0
2021-07-20 06:00:00,0.0
2021-07-20 07:00:00,0.0
2021-07-20 08:00:00,0.0
2021-07-20 09:00:00,0.0
2021-07-20 10:00:00,0.0
2021-07-20 11:00:00,0.0
2021-07-20 12:00:00,0.0
2021-07-20 13:00:00,0.0
2021-07-20 14:00:00,0.0
2021-07-20 15:00:00,0.0
2021-07-20 16:00:00,0.0
2021-07-20 17:00:00,0.0
2021-07-20 18:00:00,0.0
2021-07-20 19:00:00,0.0
2021-07-20 20:00:00,0.0
2021-07-20 21:00:00,0.0
2021-07-20 22:00:00,0.0
2021-07-20 23:00:00,0.0
2021-07-21 00:00:00,0.0
2021-07-21 01:00:00,0.0
2021-07-21 02:00:00,0.0
2021-07-21 03:00:00,0.0
2021-07-21 04:00:00,0.0
2021-07-21 05:00:00,0.0
2021-07-21 06:00:00,0.0
2021-07-21 07:00:00,0.0
2021-07-21 08:00:00,0.0
2021-07-21 09:00:00,0.0
2021-07-21 10:00:00,0.0
2021-07-21 11:00:00,0.0
2021-07-21 12:00:00,0.0
2021-07-21 13:00:00,0.0
2021-07-21 14:00:00,0.0
2021-07-21 15:00:00,0.0
2021-07-21 16:00:00,0.0
2021-07-21 17:00:00,0.0
2021-07-21 18:00:00,0.0
2021-07-21 19:00:00,0.0
2021-07-21 20:00:00,0.0
2021-07-21 21:00:00,0.0
2021-07-21 22:00:00,0.0
2021-07-21 23:00:00,0.0
2021-07-22 00:00:00,0.0
2021-07-22 01:00:00,0.0
2021-07-22 02:00:00,0.0
2021-07-22 03:00:00,0.0
2021-07-22 04:00:00,0.0
2021-07-22 05:00:00,0.0
2021-07-22 06:00:00,0.0
2021-07-22 07:00:00,0.0
2021-07-22 08:00:00,0.0
2021-07-22 09:00:00,0.0
2021-07-22 10:00:00,0.0
2021-07-22 11:00:00,0.0
2021-07-22 12:00:00,0.0
2021-07-22 13:00:00,0.0
2021-07-22 14:00:00,0.0
2021-07-22 15:00:00,0.0
2021-07-22 16:00:00,0.0
2021-07-22 17:00:00,0.0
2021-07-22 18:00:00,0.0
2021-07-22 19:00:00,0.0
2021-07-22 20:00:00,0.0
2021-07-22 21:00:00,0.0
2021-07-22 22:00:00,0.0883166275024414
2021-07-22 23:00:00,0.27417793655395506
2021-07-23 00:00:00,0.5339766082763672
2021-07-23 01:00:00,0.6130326690673829
2021-07-23 02:00:00,0.7548294067382812
2021-07-23 03:00:00,0.8954228820800781
2021-07-23 04:00:00,0.942125244140625
2021-07-23 05:00:00,0.94638525390625
2021-07-23 06:00:00,0.5824236907958984
2021-07-23 07:00:00,0.3084655456542969
2021-07-23 08:00:00,0.1523840789794922
2021-07-23 09:00:00,0.0
2021-07-23 10:00:00,0.0
2021-07-23 11:00:00,0.0
2021-07-23 12:00:00,0.0
2021-07-23 13:00:00,0.0
2021-07-23 14:00:00,0.0
2021-07-23 15:00:00,0.0
2021-07-23 16:00:00,0.0
2021-07-23 17:00:00,0.0
2021-07-23 18:00:00,0.0
2021-07-23 19:00:00,0.0
2021-07-23 20:00:00,0.30972654724121096
2021-07-23 21:00:00,0.43546856689453123
2021-07-23 22:00:00,0.5059325103759765
2021-07-23 23:00:00,0.7088619079589844
2021-07-24 00:00:00,0.7681720886230469
2021-07-24 01:00:00,0.9063199768066407
2021-07-24 02:00:00,1.121598045349121
2021-07-24 03:00:00,1.3832530517578125
2021-07-24 04:00:00,1.6624091033935546
2021-07-24 05:00:00,1.7073851470947266
2021-07-24 06:00:00,0.6444580078125
2021-07-24 07:00:00,0.12170188140869141
2021-07-24 08:00:00,0.0
2021-07-24 09:00:00,0.0
2021-07-24 10:00:00,0.0
2021-07-24 11:00:00,0.0
2021-07-24 12:00:00,0.0
2021-07-24 13:00:00,0.0
2021-07-24 14:00:00,0.0
2021-07-24 15:00:00,0.0
2021-07-24 16:00:00,0.0
2021-07-24 17:00:00,0.0
2021-07-24 18:00:00,0.0
2021-07-24 19:00:00,0.0
2021-07-24 20:00:00,0.0
2021-07-24 21:00:00,0.0
2021-07-24 22:00:00,0.27244762420654295
2021-07-24 23:00:00,0.5616404418945312
2021-07-25 00:00:00,0.8491549987792969
2021-07-25 01:00:00,1.2163328170776366
2021-07-25 02:00:00,1.6833360595703124
2021-07-25 03:00:00,1.992119140625
2021-07-25 04:00:00,2.099527130126953
2021-07-25 05:00:00,2.0471263122558594
2021-07-25 06:00:00,0.7619684829711914
2021-07-25 07:00:00,0.0
2021-07-25 08:00:00,0.0
2021-07-25 09:00:00,0.0
2021-07-25 10:00:00,0.0
2021-07-25 11:00:00,0.0
2021-07-25 12:00:00,0.0
2021-07-25 13:00:00,0.0
2021-07-25 14:00:00,0.0
2021-07-25 15:00:00,0.0
2021-07-25 16:00:00,0.0
2021-07-25 17:00:00,0.0
2021-07-25 18:00:00,0.0
2021-07-25 19:00:00,0.0
2021-07-25 20:00:00,0.0
2021-07-25 21:00:00,0.0
2021-07-25 22:00:00,0.0
2021-07-25 23:00:00,0.0
2021-07-26 00:00:00,0.0
2021-07-26 01:00:00,0.05846739196777344
2021-07-26 02:00:00,0.13623876953125
2021-07-26 03:00:00,0.2284605712890625
2021-07-26 04:00:00,0.5063611450195312
2021-07-26 05:00:00,0.6044191284179687
2021-07-26 06:00:00,0.0
2021-07-26 07:00:00,0.0
2021-07-26 08:00:00,0.0
2021-07-26 09:00:00,0.0
2021-07-26 10:00:00,0.0
2021-07-26 11:00:00,0.0
2021-07-26 12:00:00,0.0
2021-07-26 13:00:00,0.0
2021-07-26 14:00:00,0.0
2021-07-26 15:00:00,0.0
2021-07-26 16:00:00,0.0
2021-07-26 17:00:00,0.0
2021-07-26 18:00:00,0.0
2021-07-26 19:00:00,0.0
2021-07-26 20:00:00,0.0
2021-07-26 21:00:00,0.0
2021-07-26 22:00:00,0.0
2021-07-26 23:00:00,0.0
2021-07-27 00:00:00,0.0
2021-07-27 01:00:00,0.0
2021-07-27 02:00:00,0.0
2021-07-27 03:00:00,0.0
2021-07-27 04:00:00,0.0
2021-07-27 05:00:00,0.0
2021-07-27 06:00:00,0.0
2021-07-27 07:00:00,0.0
2021-07-27 08:00:00,0.0
2021-07-27 09:00:00,0.0
2021-07-27 10:00:00,0.0
2021-07-27 11:00:00,0.0
2021-07-27 12:00:00,0.0
2021-07-27 13:00:00,0.0
2021-07-27 14:00:00,0.0
2021-07-27 15:00:00,0.0
2021-07-27 16:00:00,0.0
2021-07-27 17:00:00,0.0
2021-07-27 18:00:00,0.0
2021-07-27 19:00:00,0.0
2021-07-27 20:00:00,0.0
2021-07-27 21:00:00,0.0
2021-07-27 22:00:00,0.0
2021-07-27 23:00:00,0.0
2021-07-28 00:00:00,0.0
2021-07-28 01:00:00,0.0
2021-07-28 02:00:00,0.0
2021-07-28 03:00:00,0.0
2021-07-28 04:00:00,0.0
2021-07-28 05:00:00,0.0
2021-07-28 06:00:00,0.0
2021-07-28 07:00:00,0.0
2021-07-28 08:00:00,0.0
2021-07-28 09:00:00,0.0
2021-07-28 10:00:00,0.0
2021-07-28 11:00:00,0.0
2021-07-28 12:00:00,0.0
2021-07-28 13:00:00,0.0
2021-07-28 14:00:00,0.0
2021-07-28 15:00:00,0.0
2021-07-28 16:00:00,0.0
2021-07-28 17:00:00,0.0
2021-07-28 18:00:00,0.0
2021-07-28 19:00:00,0.0
2021-07-28 20:00:00,0.0
2021-07-28 21:00:00,0.0
2021-07-28 22:00:00,0.0
2021-07-28 23:00:00,0.0
2021-07-29 00:00:00,0.0
2021-07-29 01:00:00,0.0
2021-07-29 02:00:00,0.0
2021-07-29 03:00:00,0.0
2021-07-29 04:00:00,0.0
2021-07-29 05:00:00,0.0
2021-07-29 06:00:00,0.0
2021-07-29 07:00:00,0.0
2021-07-29 08:00:00,0.0
2021-07-29 09:00:00,0.0
2021-07-29 10:00:00,0.0
2021-07-29 11:00:00,0.0
2021-07-29 12:00:00,0.0
2021-07-29 13:00:00,0.0
2021-07-29 14:00:00,0.0
2021-07-29 15:00:00,0.0
2021-07-29 16:00:00,0.0
2021-07-29 17:00:00,0.0
2021-07-29 18:00:00,0.0
2021-07-29 19:00:00,0.0
2021-07-29 20:00:00,0.0
2021-07-29 21:00:00,0.0
2021-07-29 22:00:00,0.0
2021-07-29 23:00:00,0.0
2021-07-30 00:00:00,0.0
2021-07-30 01:00:00,0.0
2021-07-30 02:00:00,0.0
2021-07-30 03:00:00,0.0
2021-07-30 04:00:00,0.0
2021-07-30 05:00:00,0.0
2021-07-30 06:00:00,0.0
2021-07-30 07:00:00,0.0
2021-07-30 08:00:00,0.0
2021-07-30 09:00:00,0.0
2021-07-30 10:00:00,0.0
2021-07-30 11:00:00,0.0
2021-07-30 12:00:00,0.0
2021-07-30 13:00:00,0.0
2021-07-30 14:00:00,0.0
2021-07-30 15:00:00,0.0
2021-07-30 16:00:00,0.0
2021-07-30 17:00:00,0.0
2021-07-30 18:00:00,0.0
2021-07-30 19:00:00,0.0
2021-07-30 20:00:00,0.0
2021-07-30 21:00:00,0.0
2021-07-30 22:00:00,0.0
2021-07-30 23:00:00,0.0
2021-07-31 00:00:00,0.0
2021-07-31 01:00:00,0.0
2021-07-31 02:00:00,0.0
2021-07-31 03:00:00,0.0
2021-07-31 04:00:00,0.0
2021-07-31 05:00:00,0.0
2021-07-31 06:00:00,0.0
2021-07-31 07:00:00,0.0
2021-07-31 08:00:00,0.0
2021-07-31 09:00:00,0.0
2021-07-31 10:00:00,0.0
2021-07-31 11:00:00,0.0
2021-07-31 12:00:00,0.0
2021-07-31 13:00:00,0.0
2021-07-31 14:00:00,0.0
2021-07-31 15:00:00,0.0
2021-07-31 16:00:00,0.0
2021-07-31 17:00:00,0.0
2021-07-31 18:00:00,0.0
2021-07-31 19:00:00,0.0
2021-07-31 20:00:00,0.0
2021-07-31 21:00:00,0.0
2021-07-31 22:00:00,0.0
2021-07-31 23:00:00,0.0
2021-08-01 00:00:00,0.0
2021-08-01 01:00:00,0.0
2021-08-01 02:00:00,0.0
2021-08-01 03:00:00,0.0
2021-08-01 04:00:00,0.0
2021-08-01 05:00:00,0.0
2021-08-01 06:00:00,0.0
2021-08-01 07:00:00,0.0
2021-08-01 08:00:00,0.0
2021-08-01 09:00:00,0.0
2021-08-01 10:00:00,0.0
2021-08-01 11:00:00,0.0
2021-08-01 12:00:00,0.0
2021-08-01 13:00:00,0.0
2021-08-01 14:00:00,0.0
2021-08-01 15:00:00,0.0
2021-08-01 16:00:00,0.0
2021-08-01 17:00:00,0.0
2021-08-01 18:00:00,0.0
2021-08-01 19:00:00,0.0
2021-08-01 20:00:00,0.0
2021-08-01 21:00:00,0.0
2021-08-01 22:00:00,0.0
2021-08-01 23:00:00,0.0
2021-08-02 00:00:00,0.0
2021-08-02 01:00:00,0.0
2021-08-02 02:00:00,0.0
2021-08-02 03:00:00,0.0
2021-08-02 04:00:00,0.0
2021-08-02 05:00:00,0.0
2021-08-02 06:00:00,0.0
2021-08-02 07:00:00,0.0
2021-08-02 08:00:00,0.0
2021-08-02 09:00:00,0.0
2021-08-02 10:00:00,0.0
2021-08-02 11:00:00,0.0
2021-08-02 12:00:00,0.0
2021-08-02 13:00:00,0.0
2021-08-02 14:00:00,0.0
2021-08-02 15:00:00,0.0
2021-08-02 16:00:00,0.0
2021-08-02 17:00:00,0.0
2021-08-02 18:00:00,0.0
2021-08-02 19:00:00,0.0
2021-08-02 20:00:00,0.0
2021-08-02 21:00:00,0.0
2021-08-02 22:00:00,0.0
2021-08-02 23:00:00,0.0
2021-08-03 00:00:00,0.0
2021-08-03 01:00:00,0.0
2021-08-03 02:00:00,0.0
2021-08-03 03:00:00,0.0
2021-08-03 04:00:00,0.0
2021-08-03 05:00:00,0.0
2021-08-03 06:00:00,0.0
2021-08-03 07:00:00,0.0
2021-08-03 08:00:00,0.0
2021-08-03 09:00:00,0.0
2021-08-03 10:00:00,0.0
2021-08-03 11:00:00,0.0
2021-08-03 12:00:00,0.0
2021-08-03 13:00:00,0.0
2021-08-03 14:00:00,0.0
2021-08-03 15:00:00,0.0
2021-08-03 16:00:00,0.0
2021-08-03 17:00:00,0.0
2021-08-03 18:00:00,0.0
2021-08-03 19:00:00,0.0
2021-08-03 20:00:00,0.0
2021-08-03 21:00:00,0.0
2021-08-03 22:00:00,0.0
2021-08-03 23:00:00,0.0
2021-08-04 00:00:00,0.0
2021-08-04 01:00:00,0.0
2021-08-04 02:00:00,0.0
2021-08-04 03:00:00,0.0
2021-08-04 04:00:00,0.0
2021-08-04 05:00:00,0.0
2021-08-04 06:00:00,0.0
2021-08-04 07:00:00,0.0
2021-08-04 08:00:00,0.0
2021-08-04 09:00:00,0.0
2021-08-04 10:00:00,0.0
2021-08-04 11:00:00,0.0
2021-08-04 12:00:00,0.0
2021-08-04 13:00:00,0.0
2021-08-04 14:00:00,0.0
2021-08-04 15:00:00,0.0
2021-08-04 16:00:00,0.0
2021-08-04 17:00:00,0.0
2021-08-04 18:00:00,0.0
2021-08-04 19:00:00,0.0
2021-08-04 20:00:00,0.0
2021-08-04 21:00:00,0.0
2021-08-04 22:00:00,0.0
2021-08-04 23:00:00,0.0
2021-08-05 00:00:00,0.0
2021-08-05 01:00:00,0.0
2021-08-05 02:00:00,0.0
2021-08-05 03:00:00,0.0
2021-08-05 04:00:00,0.0
2021-08-05 05:00:00,0.0
2021-08-05 06:00:00,0.0
2021-08-05 07:00:00,0.0
2021-08-05 08:00:00,0.0
2021-08-05 09:00:00,0.0
2021-08-05 10:00:00,0.0
2021-08-05 11:00:00,0.0
2021-08-05 12:00:00,0.0
2021-08-05 13:00:00,0.0
2021-08-05 14:00:00,0.0
2021-08-05 15:00:00,0.0
2021-08-05 16:00:00,0.0
2021-08-05 17:00:00,0.0
2021-08-05 18:00:00,0.0
2021-08-05 19:00:00,0.0
2021-08-05 20:00:00,0.0
2021-08-05 21:00:00,0.0
2021-08-05 22:00:00,0.0
2021-08-05 23:00:00,0.0
2021-08-06 00:00:00,0.0
2021-08-06 01:00:00,0.0
2021-08-06 02:00:00,0.0
2021-08-06 03:00:00,0.0
2021-08-06 04:00:00,0.0
2021-08-06 05:00:00,0.0
2021-08-06 06:00:00,0.0
2021-08-06 07:00:00,0.0
2021-08-06 08:00:00,0.0
2021-08-06 09:00:00,0.0
2021-08-06 10:00:00,0.0
2021-08-06 11:00:00,0.0
2021-08-06 12:00:00,0.0
2021-08-06 13:00:00,0.0
2021-08-06 14:00:00,0.0
2021-08-06 15:00:00,0.0
2021-08-06 16:00:00,0.0
2021-08-06 17:00:00,0.0
2021-08-06 18:00:00,0.0
2021-08-06 19:00:00,0.0
2021-08-06 20:00:00,0.0
2021-08-06 21:00:00,0.0
2021-08-06 22:00:00,0.0
2021-08-06 23:00:00,0.0
2021-08-07 00:00:00,0.0
2021-08-07 01:00:00,0.0
2021-08-07 02:00:00,0.0
2021-08-07 03:00:00,0.0
2021-08-07 04:00:00,0.0
2021-08-07 05:00:00,0.0
2021-08-07 06:00:00,0.0
2021-08-07 07:00:00,0.0
2021-08-07 08:00:00,0.0
2021-08-07 09:00:00,0.0
2021-08-07 10:00:00,0.0
2021-08-07 11:00:00,0.0
2021-08-07 12:00:00,0.0
2021-08-07 13:00:00,0.0
2021-08-07 14:00:00,0.0
2021-08-07 15:00:00,0.0
2021-08-07 16:00:00,0.0
2021-08-07 17:00:00,0.0
2021-08-07 18:00:00,0.0
2021-08-07 19:00:00,0.0
2021-08-07 20:00:00,0.0
2021-08-07 21:00:00,0.0
2021-08-07 22:00:00,0.0
2021-08-07 23:00:00,0.0
2021-08-08 00:00:00,0.0
2021-08-08 01:00:00,0.0
2021-08-08 02:00:00,0.0
2021-08-08 03:00:00,0.0
2021-08-08 04:00:00,0.0
2021-08-08 05:00:00,0.0
2021-08-08 06:00:00,0.0
2021-08-08 07:00:00,0.0
2021-08-08 08:00:00,0.0
2021-08-08 09:00:00,0.0
2021-08-08 10:00:00,0.0
2021-08-08 11:00:00,0.0
2021-08-08 12:00:00,0.0
2021-08-08 13:00:00,0.0
2021-08-08 14:00:00,0.0
2021-08-08 15:00:00,0.0
2021-08-08 16:00:00,0.0
2021-08-08 17:00:00,0.0
2021-08-08 18:00:00,0.0
2021-08-08 19:00:00,0.0
2021-08-08 20:00:00,0.0
2021-08-08 21:00:00,0.0
2021-08-08 22:00:00,0.0
2021-08-08 23:00:00,0.0
2021-08-09 00:00:00,0.0
2021-08-09 01:00:00,0.0
2021-08-09 02:00:00,0.0
2021-08-09 03:00:00,0.0
2021-08-09 04:00:00,0.0
2021-08-09 05:00:00,0.0
2021-08-09 06:00:00,0.0
2021-08-09 07:00:00,0.0
2021-08-09 08:00:00,0.0
2021-08-09 09:00:00,0.0
2021-08-09 10:00:00,0.0
2021-08-09 11:00:00,0.0
2021-08-09 12:00:00,0.0
2021-08-09 13:00:00,0.0
2021-08-09 14:00:00,0.0
2021-08-09 15:00:00,0.0
2021-08-09 16:00:00,0.0
2021-08-09 17:00:00,0.0
2021-08-09 18:00:00,0.0
2021-08-09 19:00:00,0.0
2021-08-09 20:00:00,0.0
2021-08-09 21:00:00,0.0
2021-08-09 22:00:00,0.0
2021-08-09 23:00:00,0.0
2021-08-10 00:00:00,0.0
2021-08-10 01:00:00,0.0
2021-08-10 02:00:00,0.0
2021-08-10 03:00:00,0.0
2021-08-10 04:00:00,0.0
2021-08-10 05:00:00,0.0
2021-08-10 06:00:00,0.0
2021-08-10 07:00:00,0.0
2021-08-10 08:00:00,0.0
2021-08-10 09:00:00,0.0
2021-08-10 10:00:00,0.0
2021-08-10 11:00:00,0.0
2021-08-10 12:00:00,0.0
2021-08-10 13:00:00,0.0
2021-08-10 14:00:00,0.0
2021-08-10 15:00:00,0.0
2021-08-10 16:00:00,0.0
2021-08-10 17:00:00,0.0
2021-08-10 18:00:00,0.0
2021-08-10 19:00:00,0.0
2021-08-10 20:00:00,0.0
2021-08-10 21:00:00,0.0
2021-08-10 22:00:00,0.0
2021-08-10 23:00:00,0.0
2021-08-11 00:00:00,0.15492177963256837
2021-08-11 01:00:00,0.3368812561035156
2021-08-11 02:00:00,0.6391231994628905
2021-08-11 03:00:00,0.7767570190429688
2021-08-11 04:00:00,0.6098222656250001
2021-08-11 05:00:00,1.08907177734375
2021-08-11 06:00:00,1.0559691314697266
2021-08-11 07:00:00,0.2097568817138672
2021-08-11 08:00:00,0.0
2021-08-11 09:00:00,0.0
2021-08-11 10:00:00,0.0
2021-08-11 11:00:00,0.0
2021-08-11 12:00:00,0.0
2021-08-11 13:00:00,0.0
2021-08-11 14:00:00,0.0
2021-08-11 15:00:00,0.0
2021-08-11 16:00:00,0.0
2021-08-11 17:00:00,0.0
2021-08-11 18:00:00,0.0
2021-08-11 19:00:00,0.0
2021-08-11 20:00:00,0.0
2021-08-11 21:00:00,0.0
2021-08-11 22:00:00,0.0
2021-08-11 23:00:00,0.0
2021-08-12 00:00:00,0.12608272552490235
2021-08-12 01:00:00,0.2962755432128906
2021-08-12 02:00:00,0.43651908874511725
2021-08-12 03:00:00,0.7371463832855225
2021-08-12 04:00:00,0.8973826751708984
2021-08-12 05:00:00,1.0475912475585938
2021-08-12 06:00:00,0.740633773803711
2021-08-12 07:00:00,0.07614246368408203
2021-08-12 08:00:00,0.0
2021-08-12 09:00:00,0.0
2021-08-12 10:00:00,0.0
2021-08-12 11:00:00,0.0
2021-08-12 12:00:00,0.0
2021-08-12 13:00:00,0.0
2021-08-12 14:00:00,0.0
2021-08-12 15:00:00,0.0
2021-08-12 16:00:00,0.0
2021-08-12 17:00:00,0.0
2021-08-12 18:00:00,0.0
2021-08-12 19:00:00,0.0
2021-08-12 20:00:00,0.0
2021-08-12 21:00:00,0.0
2021-08-12 22:00:00,0.0
2021-08-12 23:00:00,0.07290944862365722
2021-08-13 00:00:00,0.4678733215332031
2021-08-13 01:00:00,0.6068737182617188
2021-08-13 02:00:00,0.8816132202148437
2021-08-13 03:00:00,1.1617120361328124
2021-08-13 04:00:00,1.4936997375488281
2021-08-13 05:00:00,1.9825186462402344
2021-08-13 06:00:00,1.2134585571289063
2021-08-13 07:00:00,0.4704603824615479
2021-08-13 08:00:00,0.18208241271972658
2021-08-13 09:00:00,0.0
2021-08-13 10:00:00,0.0
2021-08-13 11:00:00,0.0
2021-08-13 12:00:00,0.0
2021-08-13 13:00:00,0.0
2021-08-13 14:00:00,0.0
2021-08-13 15:00:00,0.0
2021-08-13 16:00:00,0.0
2021-08-13 17:00:00,0.0
2021-08-13 18:00:00,0.0
2021-08-13 19:00:00,0.0
2021-08-13 20:00:00,0.0
2021-08-13 21:00:00,0.0
2021-08-13 22:00:00,0.027959346771240234
2021-08-13 23:00:00,0.20659050750732422
2021-08-14 00:00:00,0.3565162506103516
2021-08-14 01:00:00,0.2786288909912109
2021-08-14 02:00:00,0.5109035530090332
2021-08-14 03:00:00,0.5558254890441895
2021-08-14 04:00:00,0.8234444427490235
2021-08-14 05:00:00,0.910452880859375
2021-08-14 06:00:00,0.26231214904785155
2021-08-14 07:00:00,0.0
2021-08-14 08:00:00,0.0
2021-08-14 09:00:00,0.0
2021-08-14 10:00:00,0.0
2021-08-14 11:00:00,0.0
2021-08-14 12:00:00,0.0
2021-08-14 13:00:00,0.0
2021-08-14 14:00:00,0.0
2021-08-14 15:00:00,0.0
2021-08-14 16:00:00,0.0
2021-08-14 17:00:00,0.0
2021-08-14 18:00:00,0.0
2021-08-14 19:00:00,0.0
2021-08-14 20:00:00,0.0
2021-08-14 21:00:00,0.0
2021-08-14 22:00:00,0.0
2021-08-14 23:00:00,0.0
2021-08-15 00:00:00,0.0
2021-08-15 01:00:00,0.07067133522033692
2021-08-15 02:00:00,0.24644918441772462
2021-08-15 03:00:00,0.4647879791259766
2021-08-15 04:00:00,0.5823690185546875
2021-08-15 05:00:00,0.6602069091796875
2021-08-15 06:00:00,0.2962371063232422
2021-08-15 07:00:00,0.0
2021-08-15 08:00:00,0.0
2021-08-15 09:00:00,0.0
2021-08-15 10:00:00,0.0
2021-08-15 11:00:00,0.0
2021-08-15 12:00:00,0.0
2021-08-15 13:00:00,0.0
2021-08-15 14:00:00,0.0
2021-08-15 15:00:00,0.0
2021-08-15 16:00:00,0.0
2021-08-15 17:00:00,0.0
2021-08-15 18:00:00,0.0
2021-08-15 19:00:00,0.0
2021-08-15 20:00:00,0.0
2021-08-15 21:00:00,0.0776239013671875
2021-08-15 22:00:00,0.30335919189453125
2021-08-15 23:00:00,0.3627545623779297
2021-08-16 00:00:00,0.49884596252441404
2021-08-16 01:00:00,0.6608601837158203
2021-08-16 02:00:00,0.9828970041275025
2021-08-16 03:00:00,1.0548540878295898
2021-08-16 04:00:00,1.2576349029541016
2021-08-16 05:00:00,1.3474806442260743
2021-08-16 06:00:00,0.649587776184082
2021-08-16 07:00:00,0.5036791687011719
2021-08-16 08:00:00,0.07323751831054688
2021-08-16 09:00:00,0.040027843475341794
2021-08-16 10:00:00,0.0
2021-08-16 11:00:00,0.0
2021-08-16 12:00:00,0.0
2021-08-16 13:00:00,0.0
2021-08-16 14:00:00,0.0
2021-08-16 15:00:00,0.0
2021-08-16 16:00:00,0.0
2021-08-16 17:00:00,0.0
2021-08-16 18:00:00,0.0
2021-08-16 19:00:00,0.0
2021-08-16 20:00:00,0.0
2021-08-16 21:00:00,0.0
2021-08-16 22:00:00,0.04420132827758789
2021-08-16 23:00:00,0.39362623596191404
2021-08-17 00:00:00,0.7492329406738282
2021-08-17 01:00:00,1.1464656448364259
2021-08-17 02:00:00,1.6471002731323243
2021-08-17 03:00:00,2.1954943008422854
2021-08-17 04:00:00,2.499336700439453
2021-08-17 05:00:00,2.479942153930664
2021-08-17 06:00:00,0.9397863082885742
2021-08-17 07:00:00,0.22496430778503418
2021-08-17 08:00:00,0.0
2021-08-17 09:00:00,0.0
2021-08-17 10:00:00,0.0
2021-08-17 11:00:00,0.0
2021-08-17 12:00:00,0.0
2021-08-17 13:00:00,0.0
2021-08-17 14:00:00,0.0
2021-08-17 15:00:00,0.0
2021-08-17 16:00:00,0.0
2021-08-17 17:00:00,0.0
2021-08-17 18:00:00,0.0
2021-08-17 19:00:00,0.0
2021-08-17 20:00:00,0.0
2021-08-17 21:00:00,0.0
2021-08-17 22:00:00,0.0
2021-08-17 23:00:00,0.0
2021-08-18 00:00:00,0.0
2021-08-18 01:00:00,0.0
2021-08-18 02:00:00,0.0
2021-08-18 03:00:00,0.0
2021-08-18 04:00:00,0.06018682861328125
2021-08-18 05:00:00,0.3224538650512695
2021-08-18 06:00:00,0.0
2021-08-18 07:00:00,0.0
2021-08-18 08:00:00,0.0
2021-08-18 09:00:00,0.0
2021-08-18 10:00:00,0.0
2021-08-18 11:00:00,0.0
2021-08-18 12:00:00,0.0
2021-08-18 13:00:00,0.0
2021-08-18 14:00:00,0.0
2021-08-18 15:00:00,0.0
2021-08-18 16:00:00,0.0
2021-08-18 17:00:00,0.0
2021-08-18 18:00:00,0.0
2021-08-18 19:00:00,0.0
2021-08-18 20:00:00,0.0
2021-08-18 21:00:00,0.0
2021-08-18 22:00:00,0.0
2021-08-18 23:00:00,0.0
2021-08-19 00:00:00,0.0
2021-08-19 01:00:00,0.0
2021-08-19 02:00:00,0.15135540771484374
2021-08-19 03:00:00,0.2877786617279053
2021-08-19 04:00:00,0.36054608154296874
2021-08-19 05:00:00,0.44548287200927733
2021-08-19 06:00:00,0.09580977249145507
2021-08-19 07:00:00,0.0
2021-08-19 08:00:00,0.0
2021-08-19 09:00:00,0.0
2021-08-19 10:00:00,0.0
2021-08-19 11:00:00,0.0
2021-08-19 12:00:00,0.0
2021-08-19 13:00:00,0.0
2021-08-19 14:00:00,0.0
2021-08-19 15:00:00,0.0
2021-08-19 16:00:00,0.0
2021-08-19 17:00:00,0.0
2021-08-19 18:00:00,0.0
2021-08-19 19:00:00,0.0
2021-08-19 20:00:00,0.0
2021-08-19 21:00:00,0.0
2021-08-19 22:00:00,0.0
2021-08-19 23:00:00,0.0
2021-08-20 00:00:00,0.0
2021-08-20 01:00:00,0.0
2021-08-20 02:00:00,0.0
2021-08-20 03:00:00,0.0
2021-08-20 04:00:00,0.0
2021-08-20 05:00:00,0.07710547637939452
2021-08-20 06:00:00,0.0
2021-08-20 07:00:00,0.0
2021-08-20 08:00:00,0.0
2021-08-20 09:00:00,0.0
2021-08-20 10:00:00,0.0
2021-08-20 11:00:00,0.0
2021-08-20 12:00:00,0.0
2021-08-20 13:00:00,0.0
2021-08-20 14:00:00,0.0
2021-08-20 15:00:00,0.0
2021-08-20 16:00:00,0.0
2021-08-20 17:00:00,0.0
2021-08-20 18:00:00,0.0
2021-08-20 19:00:00,0.0
2021-08-20 20:00:00,0.0
2021-08-20 21:00:00,0.0
2021-08-20 22:00:00,0.0
2021-08-20 23:00:00,0.0
2021-08-21 00:00:00,0.0
2021-08-21 01:00:00,0.0
2021-08-21 02:00:00,0.0
2021-08-21 03:00:00,0.0
2021-08-21 04:00:00,0.0
2021-08-21 05:00:00,0.010878787994384766
2021-08-21 06:00:00,0.0
2021-08-21 07:00:00,0.0
2021-08-21 08:00:00,0.0
2021-08-21 09:00:00,0.0
2021-08-21 10:00:00,0.0
2021-08-21 11:00:00,0.0
2021-08-21 12:00:00,0.0
2021-08-21 13:00:00,0.0
2021-08-21 14:00:00,0.0
2021-08-21 15:00:00,0.0
2021-08-21 16:00:00,0.0
2021-08-21 17:00:00,0.0
2021-08-21 18:00:00,0.0
2021-08-21 19:00:00,0.0
2021-08-21 20:00:00,0.0
2021-08-21 21:00:00,0.0
2021-08-21 22:00:00,0.0
2021-08-21 23:00:00,0.0
2021-08-22 00:00:00,0.0
2021-08-22 01:00:00,0.0
2021-08-22 02:00:00,0.12100060272216796
2021-08-22 03:00:00,0.2822486267089844
2021-08-22 04:00:00,0.408345458984375
2021-08-22 05:00:00,0.6085807113647461
2021-08-22 06:00:00,0.32872601318359373
2021-08-22 07:00:00,0.25686419677734373
2021-08-22 08:00:00,0.16346600341796874
2021-08-22 09:00:00,0.0
2021-08-22 10:00:00,0.0
2021-08-22 11:00:00,0.0
2021-08-22 12:00:00,0.0
2021-08-22 13:00:00,0.0
2021-08-22 14:00:00,0.0
2021-08-22 15:00:00,0.0
2021-08-22 16:00:00,0.0
2021-08-22 17:00:00,0.0
2021-08-22 18:00:00,0.0
2021-08-22 19:00:00,0.0
2021-08-22 20:00:00,0.29466360473632813
2021-08-22 21:00:00,0.6406134586334229
2021-08-22 22:00:00,0.7622521667480469
2021-08-22 23:00:00,0.971825439453125
2021-08-23 00:00:00,1.145407974243164
2021-08-23 01:00:00,1.3767107543945312
2021-08-23 02:00:00,1.5725214729309083
2021-08-23 03:00:00,1.714151138305664
2021-08-23 04:00:00,2.0104407501220702
2021-08-23 05:00:00,2.4780869140625
2021-08-23 06:00:00,1.4086783981323243
2021-08-23 07:00:00,1.0052730712890625
2021-08-23 08:00:00,0.14647210693359375
2021-08-23 09:00:00,0.0
2021-08-23 10:00:00,0.0
2021-08-23 11:00:00,0.0
2021-08-23 12:00:00,0.0
2021-08-23 13:00:00,0.0
2021-08-23 14:00:00,0.0
2021-08-23 15:00:00,0.0
2021-08-23 16:00:00,0.0
2021-08-23 17:00:00,0.0
2021-08-23 18:00:00,0.0
2021-08-23 19:00:00,0.0
2021-08-23 20:00:00,0.0
2021-08-23 21:00:00,0.24577681732177736
2021-08-23 22:00:00,0.5210013828277588
2021-08-23 23:00:00,0.751005126953125
2021-08-24 00:00:00,0.8401037139892578
2021-08-24 01:00:00,0.8681652679443359
2021-08-24 02:00:00,0.9216000366210938
2021-08-24 03:00:00,1.110641082763672
2021-08-24 04:00:00,1.302020034790039
2021-08-24 05:00:00,1.620134895324707
2021-08-24 06:00:00,0.846289665222168
2021-08-24 07:00:00,0.039849411010742186
2021-08-24 08:00:00,0.0
2021-08-24 09:00:00,0.0
2021-08-24 10:00:00,0.0
2021-08-24 11:00:00,0.0
2021-08-24 12:00:00,0.0
2021-08-24 13:00:00,0.0
2021-08-24 14:00:00,0.0
2021-08-24 15:00:00,0.0
2021-08-24 16:00:00,0.0
2021-08-24 17:00:00,0.0
2021-08-24 18:00:00,0.0
2021-08-24 19:00:00,0.0
2021-08-24 20:00:00,0.0
2021-08-24 21:00:00,0.0
2021-08-24 22:00:00,0.0
2021-08-24 23:00:00,0.0
2021-08-25 00:00:00,0.16145137023925782
2021-08-25 01:00:00,0.3016336364746094
2021-08-25 02:00:00,0.44910865020751956
2021-08-25 03:00:00,0.702539005279541
2021-08-25 04:00:00,0.9050675735473633
2021-08-25 05:00:00,1.0403260803222656
2021-08-25 06:00:00,0.38017782592773436
2021-08-25 07:00:00,0.0
2021-08-25 08:00:00,0.0
2021-08-25 09:00:00,0.0
2021-08-25 10:00:00,0.0
2021-08-25 11:00:00,0.0
2021-08-25 12:00:00,0.0
2021-08-25 13:00:00,0.0
2021-08-25 14:00:00,0.0
2021-08-25 15:00:00,0.0
2021-08-25 16:00:00,0.0
2021-08-25 17:00:00,0.0
2021-08-25 18:00:00,0.0
2021-08-25 19:00:00,0.0
2021-08-25 20:00:00,0.0
2021-08-25 21:00:00,0.0
2021-08-25 22:00:00,0.0
2021-08-25 23:00:00,0.0
2021-08-26 00:00:00,0.0
2021-08-26 01:00:00,0.0
2021-08-26 02:00:00,0.0
2021-08-26 03:00:00,0.0
2021-08-26 04:00:00,0.009594780921936035
2021-08-26 05:00:00,0.16607949829101562
2021-08-26 06:00:00,0.0
2021-08-26 07:00:00,0.0
2021-08-26 08:00:00,0.0
2021-08-26 09:00:00,0.0
2021-08-26 10:00:00,0.0
2021-08-26 11:00:00,0.0
2021-08-26 12:00:00,0.0
2021-08-26 13:00:00,0.0
2021-08-26 14:00:00,0.0
2021-08-26 15:00:00,0.0
2021-08-26 16:00:00,0.0
2021-08-26 17:00:00,0.0
2021-08-26 18:00:00,0.0
2021-08-26 19:00:00,0.0
2021-08-26 20:00:00,0.0
2021-08-26 21:00:00,0.0
2021-08-26 22:00:00,0.0
2021-08-26 23:00:00,0.0
2021-08-27 00:00:00,0.0
2021-08-27 01:00:00,0.0
2021-08-27 02:00:00,0.042606201171875
2021-08-27 03:00:00,0.15453935241699218
2021-08-27 04:00:00,0.22969602966308594
2021-08-27 05:00:00,0.4023559112548828
2021-08-27 06:00:00,0.0
2021-08-27 07:00:00,0.0
2021-08-27 08:00:00,0.0
2021-08-27 09:00:00,0.0
2021-08-27 10:00:00,0.0
2021-08-27 11:00:00,0.0
2021-08-27 12:00:00,0.0
2021-08-27 13:00:00,0.0
2021-08-27 14:00:00,0.0
2021-08-27 15:00:00,0.0
2021-08-27 16:00:00,0.0
2021-08-27 17:00:00,0.0
2021-08-27 18:00:00,0.0
2021-08-27 19:00:00,0.0
2021-08-27 20:00:00,0.0
2021-08-27 21:00:00,0.0
2021-08-27 22:00:00,0.0
2021-08-27 23:00:00,0.0
2021-08-28 00:00:00,0.0
2021-08-28 01:00:00,0.0
2021-08-28 02:00:00,0.12530593872070311
2021-08-28 03:00:00,0.28831182861328125
2021-08-28 04:00:00,0.4943578796386719
2021-08-28 05:00:00,0.5469666748046875
2021-08-28 06:00:00,0.2902829284667969
2021-08-28 07:00:00,0.16952571105957032
2021-08-28 08:00:00,0.0
2021-08-28 09:00:00,0.0
2021-08-28 10:00:00,0.0
2021-08-28 11:00:00,0.0
2021-08-28 12:00:00,0.0
2021-08-28 13:00:00,0.0
2021-08-28 14:00:00,0.0
2021-08-28 15:00:00,0.0
2021-08-28 16:00:00,0.0
2021-08-28 17:00:00,0.0
2021-08-28 18:00:00,0.0
2021-08-28 19:00:00,0.0
2021-08-28 20:00:00,0.0
2021-08-28 21:00:00,0.0
2021-08-28 22:00:00,0.0
2021-08-28 23:00:00,0.0
2021-08-29 00:00:00,0.0
2021-08-29 01:00:00,0.07363168334960937
2021-08-29 02:00:00,0.1755923309326172
2021-08-29 03:00:00,0.21996359252929687
2021-08-29 04:00:00,0.2347497253417969
2021-08-29 05:00:00,0.2413411865234375
2021-08-29 06:00:00,0.03731429958343506
2021-08-29 07:00:00,0.0
2021-08-29 08:00:00,0.0
2021-08-29 09:00:00,0.0
2021-08-29 10:00:00,0.0
2021-08-29 11:00:00,0.0
2021-08-29 12:00:00,0.0
2021-08-29 13:00:00,0.0
2021-08-29 14:00:00,0.0
2021-08-29 15:00:00,0.0
2021-08-29 16:00:00,0.0
2021-08-29 17:00:00,0.0
2021-08-29 18:00:00,0.0
2021-08-29 19:00:00,0.0
2021-08-29 20:00:00,0.0
2021-08-29 21:00:00,0.0
2021-08-29 22:00:00,0.15276667785644532
2021-08-29 23:00:00,0.36696136474609375
2021-08-30 00:00:00,0.6319106864929199
2021-08-30 01:00:00,0.9651255340576171
2021-08-30 02:00:00,1.3744218788146974
2021-08-30 03:00:00,1.8879411206245422
2021-08-30 04:00:00,2.0645273418426515
2021-08-30 05:00:00,2.033724349975586
2021-08-30 06:00:00,0.8228841476440429
2021-08-30 07:00:00,0.30295987701416016
2021-08-30 08:00:00,0.0
2021-08-30 09:00:00,0.0
2021-08-30 10:00:00,0.0
2021-08-30 11:00:00,0.0
2021-08-30 12:00:00,0.0
2021-08-30 13:00:00,0.0
2021-08-30 14:00:00,0.0
2021-08-30 15:00:00,0.0
2021-08-30 16:00:00,0.0
2021-08-30 17:00:00,0.0
2021-08-30 18:00:00,0.0
2021-08-30 19:00:00,0.0
2021-08-30 20:00:00,0.0
2021-08-30 21:00:00,0.0
2021-08-30 22:00:00,0.0
2021-08-30 23:00:00,0.24583580017089843
2021-08-31 00:00:00,0.45010659790039065
2021-08-31 01:00:00,0.6697164821624756
2021-08-31 02:00:00,0.9925127563476562
2021-08-31 03:00:00,1.2426976432800294
2021-08-31 04:00:00,1.7150081939697266
2021-08-31 05:00:00,1.8122553749084473
2021-08-31 06:00:00,0.6985357990264892
2021-08-31 07:00:00,0.15091297912597657
2021-08-31 08:00:00,0.0
2021-08-31 09:00:00,0.0
2021-08-31 10:00:00,0.0
2021-08-31 11:00:00,0.0
2021-08-31 12:00:00,0.0
2021-08-31 13:00:00,0.0
2021-08-31 14:00:00,0.0
2021-08-31 15:00:00,0.0
2021-08-31 16:00:00,0.0
2021-08-31 17:00:00,0.0
2021-08-31 18:00:00,0.0
2021-08-31 19:00:00,0.0
2021-08-31 20:00:00,0.0
2021-08-31 21:00:00,0.0
2021-08-31 22:00:00,0.0
2021-08-31 23:00:00,0.0903366470336914
2021-09-01 00:00:00,0.17446507263183594
2021-09-01 01:00:00,0.24224424743652342
2021-09-01 02:00:00,0.28456735229492186
2021-09-01 03:00:00,0.3762172660827637
2021-09-01 04:00:00,0.6829223709106446
2021-09-01 05:00:00,0.7357290000915527
2021-09-01 06:00:00,0.27878445434570315
2021-09-01 07:00:00,0.0
2021-09-01 08:00:00,0.0
2021-09-01 09:00:00,0.0
2021-09-01 10:00:00,0.0
2021-09-01 11:00:00,0.0
2021-09-01 12:00:00,0.0
2021-09-01 13:00:00,0.0
2021-09-01 14:00:00,0.0
2021-09-01 15:00:00,0.0
2021-09-01 16:00:00,0.0
2021-09-01 17:00:00,0.0
2021-09-01 18:00:00,0.0
2021-09-01 19:00:00,0.0
2021-09-01 20:00:00,0.06099215698242188
2021-09-01 21:00:00,0.17081712341308594
2021-09-01 22:00:00,0.23335509490966796
2021-09-01 23:00:00,0.3189131317138672
2021-09-02 00:00:00,0.4826166458129883
2021-09-02 01:00:00,0.6245982971191406
2021-09-02 02:00:00,0.70989892578125
2021-09-02 03:00:00,0.7546036834716797
2021-09-02 04:00:00,0.8757224273681641
2021-09-02 05:00:00,1.0415818786621094
2021-09-02 06:00:00,0.48541158294677733
2021-09-02 07:00:00,0.1468011932373047
2021-09-02 08:00:00,0.02619529151916504
2021-09-02 09:00:00,0.0
2021-09-02 10:00:00,0.0
2021-09-02 11:00:00,0.0
2021-09-02 12:00:00,0.0
2021-09-02 13:00:00,0.0
2021-09-02 14:00:00,0.0
2021-09-02 15:00:00,0.0
2021-09-02 16:00:00,0.0
2021-09-02 17:00:00,0.0
2021-09-02 18:00:00,0.0
2021-09-02 19:00:00,0.0
2021-09-02 20:00:00,0.0
2021-09-02 21:00:00,0.0
2021-09-02 22:00:00,0.0
2021-09-02 23:00:00,0.0
2021-09-03 00:00:00,0.0
2021-09-03 01:00:00,0.04370341110229492
2021-09-03 02:00:00,0.7197695007324219
2021-09-03 03:00:00,1.0015359535217285
2021-09-03 04:00:00,1.1104296646118164
2021-09-03 05:00:00,1.3441472206115723
2021-09-03 06:00:00,1.0563984298706055
2021-09-03 07:00:00,0.7361160430908203
2021-09-03 08:00:00,0.8255541610717774
2021-09-03 09:00:00,0.3379990692138672
2021-09-03 10:00:00,0.06146812438964844
2021-09-03 11:00:00,0.0
2021-09-03 12:00:00,0.0
2021-09-03 13:00:00,0.0
2021-09-03 14:00:00,0.0
2021-09-03 15:00:00,0.0
2021-09-03 16:00:00,0.0
2021-09-03 17:00:00,0.0
2021-09-03 18:00:00,0.0
2021-09-03 19:00:00,0.0
2021-09-03 20:00:00,0.0
2021-09-03 21:00:00,0.14495174217224122
2021-09-03 22:00:00,0.5027860412597657
2021-09-03 23:00:00,0.9753372650146485
2021-09-04 00:00:00,1.2632257232666015
2021-09-04 01:00:00,1.2954630584716798
2021-09-04 02:00:00,1.609364242553711
2021-09-04 03:00:00,1.901964080810547
2021-09-04 04:00:00,2.2543295745849607
2021-09-04 05:00:00,2.4038144454956054
2021-09-04 06:00:00,1.423291015625
2021-09-04 07:00:00,0.3569355370998383
2021-09-04 08:00:00,0.09724783229827881
2021-09-04 09:00:00,0.0
2021-09-04 10:00:00,0.0
2021-09-04 11:00:00,0.0
2021-09-04 12:00:00,0.0
2021-09-04 13:00:00,0.0
2021-09-04 14:00:00,0.0
2021-09-04 15:00:00,0.0
2021-09-04 16:00:00,0.0
2021-09-04 17:00:00,0.0
2021-09-04 18:00:00,0.03794922637939453
2021-09-04 19:00:00,0.39947583770751954
2021-09-04 20:00:00,0.7164929656982422
2021-09-04 21:00:00,1.313296401977539
2021-09-04 22:00:00,1.31957666015625
2021-09-04 23:00:00,1.5975948524475099
2021-09-05 00:00:00,1.5905174179077148
2021-09-05 01:00:00,1.536976245880127
2021-09-05 02:00:00,1.5034756126403808
2021-09-05 03:00:00,1.557759780883789
2021-09-05 04:00:00,1.6091218872070312
2021-09-05 05:00:00,1.615386863708496
2021-09-05 06:00:00,0.8981601257324219
2021-09-05 07:00:00,0.1736768054962158
2021-09-05 08:00:00,0.0
2021-09-05 09:00:00,0.0
2021-09-05 10:00:00,0.0
2021-09-05 11:00:00,0.0
2021-09-05 12:00:00,0.0
2021-09-05 13:00:00,0.0
2021-09-05 14:00:00,0.0
2021-09-05 15:00:00,0.0
2021-09-05 16:00:00,0.0
2021-09-05 17:00:00,0.0
2021-09-05 18:00:00,0.0
2021-09-05 19:00:00,0.0
2021-09-05 20:00:00,0.0
2021-09-05 21:00:00,0.15564784240722657
2021-09-05 22:00:00,0.36190258026123046
2021-09-05 23:00:00,0.6869252395629882
2021-09-06 00:00:00,1.0188516082763672
2021-09-06 01:00:00,1.3323451843261718
2021-09-06 02:00:00,1.5146726875305176
2021-09-06 03:00:00,1.6717637214660646
2021-09-06 04:00:00,2.048585319519043
2021-09-06 05:00:00,2.279472885131836
2021-09-06 06:00:00,1.16298779296875
2021-09-06 07:00:00,0.11752916717529298
2021-09-06 08:00:00,0.0
2021-09-06 09:00:00,0.0
2021-09-06 10:00:00,0.0
2021-09-06 11:00:00,0.0
2021-09-06 12:00:00,0.0
2021-09-06 13:00:00,0.0
2021-09-06 14:00:00,0.0
2021-09-06 15:00:00,0.0
2021-09-06 16:00:00,0.0
2021-09-06 17:00:00,0.0
2021-09-06 18:00:00,0.0
2021-09-06 19:00:00,0.0
2021-09-06 20:00:00,0.0
2021-09-06 21:00:00,0.08004403686523437
2021-09-06 22:00:00,0.3805163116455078
2021-09-06 23:00:00,0.8307643814086914
2021-09-07 00:00:00,1.1815789947509765
2021-09-07 01:00:00,1.5713473815917969
2021-09-07 02:00:00,2.0673609313964842
2021-09-07 03:00:00,2.1899821548461915
2021-09-07 04:00:00,2.3882512969970704
2021-09-07 05:00:00,2.706266830444336
2021-09-07 06:00:00,1.1139513549804687
2021-09-07 07:00:00,0.0
2021-09-07 08:00:00,0.0
2021-09-07 09:00:00,0.0
2021-09-07 10:00:00,0.0
2021-09-07 11:00:00,0.0
2021-09-07 12:00:00,0.0
2021-09-07 13:00:00,0.0
2021-09-07 14:00:00,0.0
2021-09-07 15:00:00,0.0
2021-09-07 16:00:00,0.0
2021-09-07 17:00:00,0.0
2021-09-07 18:00:00,0.0
2021-09-07 19:00:00,0.0
2021-09-07 20:00:00,0.0
2021-09-07 21:00:00,0.0
2021-09-07 22:00:00,0.11563571166992186
2021-09-07 23:00:00,0.2824610290527344
2021-09-08 00:00:00,0.403466869354248
2021-09-08 01:00:00,0.5565641784667968
2021-09-08 02:00:00,0.7375140037536622
2021-09-08 03:00:00,0.7655828247070312
2021-09-08 04:00:00,0.7930696868896484
2021-09-08 05:00:00,0.8512266893386841
2021-09-08 06:00:00,0.547408447265625
2021-09-08 07:00:00,0.0
2021-09-08 08:00:00,0.0
2021-09-08 09:00:00,0.0
2021-09-08 10:00:00,0.0
2021-09-08 11:00:00,0.0
2021-09-08 12:00:00,0.0
2021-09-08 13:00:00,0.0
2021-09-08 14:00:00,0.0
2021-09-08 15:00:00,0.0
2021-09-08 16:00:00,0.0
2021-09-08 17:00:00,0.0
2021-09-08 18:00:00,0.0
2021-09-08 19:00:00,0.0
2021-09-08 20:00:00,0.0
2021-09-08 21:00:00,0.0
2021-09-08 22:00:00,0.0
2021-09-08 23:00:00,0.04315621566772461
2021-09-09 00:00:00,0.2313595733642578
2021-09-09 01:00:00,0.3861387634277344
2021-09-09 02:00:00,0.4971633052825928
2021-09-09 03:00:00,0.5487527961730957
2021-09-09 04:00:00,0.7100193252563477
2021-09-09 05:00:00,1.0225144195556641
2021-09-09 06:00:00,0.3954877595901489
2021-09-09 07:00:00,0.0
2021-09-09 08:00:00,0.0
2021-09-09 09:00:00,0.0
2021-09-09 10:00:00,0.0
2021-09-09 11:00:00,0.0
2021-09-09 12:00:00,0.0
2021-09-09 13:00:00,0.0
2021-09-09 14:00:00,0.0
2021-09-09 15:00:00,0.0
2021-09-09 16:00:00,0.0
2021-09-09 17:00:00,0.0
2021-09-09 18:00:00,0.0
2021-09-09 19:00:00,0.0
2021-09-09 20:00:00,0.0
2021-09-09 21:00:00,0.0
2021-09-09 22:00:00,0.0
2021-09-09 23:00:00,0.0
2021-09-10 00:00:00,0.0
2021-09-10 01:00:00,0.0
2021-09-10 02:00:00,0.0
2021-09-10 03:00:00,0.0934072265625
2021-09-10 04:00:00,0.18872434997558593
2021-09-10 05:00:00,0.35545988464355466
2021-09-10 06:00:00,0.028125625610351562
2021-09-10 07:00:00,0.07845919036865234
2021-09-10 08:00:00,0.0
2021-09-10 09:00:00,0.0
2021-09-10 10:00:00,0.0
2021-09-10 11:00:00,0.0
2021-09-10 12:00:00,0.0
2021-09-10 13:00:00,0.0
2021-09-10 14:00:00,0.0
2021-09-10 15:00:00,0.0
2021-09-10 16:00:00,0.0
2021-09-10 17:00:00,0.05745510482788086
2021-09-10 18:00:00,0.2139519958496094
2021-09-10 19:00:00,0.5931851348876953
2021-09-10 20:00:00,1.0050743236541748
2021-09-10 21:00:00,1.2659343452453613
2021-09-10 22:00:00,1.94920938873291
2021-09-10 23:00:00,2.569637619018555
2021-09-11 00:00:00,3.283330673217774
2021-09-11 01:00:00,3.4720942687988283
2021-09-11 02:00:00,3.354081970214844
2021-09-11 03:00:00,3.246419860839844
2021-09-11 04:00:00,3.298805999755859
2021-09-11 05:00:00,3.2356638488769534
2021-09-11 06:00:00,2.464197528839111
2021-09-11 07:00:00,1.6523314971923828
2021-09-11 08:00:00,0.7267584762573241
2021-09-11 09:00:00,0.0
2021-09-11 10:00:00,0.0
2021-09-11 11:00:00,0.0
2021-09-11 12:00:00,0.0
2021-09-11 13:00:00,0.0
2021-09-11 14:00:00,0.0
2021-09-11 15:00:00,0.0
2021-09-11 16:00:00,0.0
2021-09-11 17:00:00,0.0
2021-09-11 18:00:00,0.0
2021-09-11 19:00:00,0.24913789367675782
2021-09-11 20:00:00,0.5640449523925781
2021-09-11 21:00:00,0.8352509613037109
2021-09-11 22:00:00,1.2218687229156495
2021-09-11 23:00:00,1.6375204467773437
2021-09-12 00:00:00,1.8945508193969727
2021-09-12 01:00:00,1.9418100566864014
2021-09-12 02:00:00,2.275847038269043
2021-09-12 03:00:00,2.7298011322021485
2021-09-12 04:00:00,2.7085598602294922
2021-09-12 05:00:00,2.7449954223632815
2021-09-12 06:00:00,1.7016155548095704
2021-09-12 07:00:00,1.2402679443359377
2021-09-12 08:00:00,0.3146609230041504
2021-09-12 09:00:00,0.0
2021-09-12 10:00:00,0.0
2021-09-12 11:00:00,0.0
2021-09-12 12:00:00,0.0
2021-09-12 13:00:00,0.0
2021-09-12 14:00:00,0.0
2021-09-12 15:00:00,0.0
2021-09-12 16:00:00,0.0
2021-09-12 17:00:00,0.0
2021-09-12 18:00:00,0.0
2021-09-12 19:00:00,0.0
2021-09-12 20:00:00,0.4731029968261719
2021-09-12 21:00:00,1.316080108642578
2021-09-12 22:00:00,1.7822215576171876
2021-09-12 23:00:00,2.8444759559631345
2021-09-13 00:00:00,4.06340298461914
2021-09-13 01:00:00,4.995297027587891
2021-09-13 02:00:00,5.638890380859375
2021-09-13 03:00:00,6.073545993804932
2021-09-13 04:00:00,6.464823608398437
2021-09-13 05:00:00,6.392474166870117
2021-09-13 06:00:00,5.415789215087891
2021-09-13 07:00:00,3.1425250954627995
2021-09-13 08:00:00,1.7441097946166992
2021-09-13 09:00:00,0.4319098815917969
2021-09-13 10:00:00,0.0
2021-09-13 11:00:00,0.0
2021-09-13 12:00:00,0.0
2021-09-13 13:00:00,0.0
2021-09-13 14:00:00,0.0
2021-09-13 15:00:00,0.0
2021-09-13 16:00:00,0.0
2021-09-13 17:00:00,0.0
2021-09-13 18:00:00,0.0
2021-09-13 19:00:00,0.1143124542236328
2021-09-13 20:00:00,0.7478124542236328
2021-09-13 21:00:00,1.22517138671875
2021-09-13 22:00:00,1.9222814979553222
2021-09-13 23:00:00,2.884472869873047
2021-09-14 00:00:00,3.9393338623046876
2021-09-14 01:00:00,4.6201647186279295
2021-09-14 02:00:00,4.960870346069336
2021-09-14 03:00:00,5.707214279174805
2021-09-14 04:00:00,5.635920557975769
2021-09-14 05:00:00,5.769881771087647
2021-09-14 06:00:00,4.090459411621094
2021-09-14 07:00:00,2.481036392211914
2021-09-14 08:00:00,1.090031379699707
2021-09-14 09:00:00,0.0019702218770980837
2021-09-14 10:00:00,0.0
2021-09-14 11:00:00,0.0
2021-09-14 12:00:00,0.0
2021-09-14 13:00:00,0.0
2021-09-14 14:00:00,0.0
2021-09-14 15:00:00,0.0
2021-09-14 16:00:00,0.0
2021-09-14 17:00:00,0.0
2021-09-14 18:00:00,0.0
2021-09-14 19:00:00,0.0
2021-09-14 20:00:00,0.08126918029785156
2021-09-14 21:00:00,0.6234965515136719
2021-09-14 22:00:00,0.8649010009765625
2021-09-14 23:00:00,1.417649871826172
2021-09-15 00:00:00,1.6483328247070312
2021-09-15 01:00:00,1.8308386011123656
2021-09-15 02:00:00,1.8709353561401367
2021-09-15 03:00:00,2.019390365600586
2021-09-15 04:00:00,2.5644697265625
2021-09-15 05:00:00,2.90947119140625
2021-09-15 06:00:00,2.0897966136932373
2021-09-15 07:00:00,1.4920740661621092
2021-09-15 08:00:00,0.6108163642883301
2021-09-15 09:00:00,0.0
2021-09-15 10:00:00,0.0
2021-09-15 11:00:00,0.0
2021-09-15 12:00:00,0.0
2021-09-15 13:00:00,0.0
2021-09-15 14:00:00,0.0
2021-09-15 15:00:00,0.0
2021-09-15 16:00:00,0.0
2021-09-15 17:00:00,0.0
2021-09-15 18:00:00,0.0
2021-09-15 19:00:00,0.0
2021-09-15 20:00:00,0.2323636703491211
2021-09-15 21:00:00,0.48752824401855477
2021-09-15 22:00:00,0.4648831329345703
2021-09-15 23:00:00,0.6042340240478515
2021-09-16 00:00:00,0.9262901916503906
2021-09-16 01:00:00,1.0202037620544435
2021-09-16 02:00:00,1.073091033935547
2021-09-16 03:00:00,2.2115939331054686
2021-09-16 04:00:00,2.299736068725586
2021-09-16 05:00:00,2.4616131229400633
2021-09-16 06:00:00,1.98338818359375
2021-09-16 07:00:00,1.2520416870117188
2021-09-16 08:00:00,0.5124123840332031
2021-09-16 09:00:00,0.0
2021-09-16 10:00:00,0.0
2021-09-16 11:00:00,0.0
2021-09-16 12:00:00,0.0
2021-09-16 13:00:00,0.0
2021-09-16 14:00:00,0.0
2021-09-16 15:00:00,0.0
2021-09-16 16:00:00,0.0
2021-09-16 17:00:00,0.0
2021-09-16 18:00:00,0.0
2021-09-16 19:00:00,0.0
2021-09-16 20:00:00,0.0
2021-09-16 21:00:00,0.07132416915893555
2021-09-16 22:00:00,0.2799571228027343
2021-09-16 23:00:00,0.4388083152770996
2021-09-17 00:00:00,0.8105231628417968
2021-09-17 01:00:00,1.2084936561584474
2021-09-17 02:00:00,1.1228492736816404
2021-09-17 03:00:00,1.4454059448242187
2021-09-17 04:00:00,2.3303443603515626
2021-09-17 05:00:00,2.3423895874023435
2021-09-17 06:00:00,1.184561149597168
2021-09-17 07:00:00,1.0232501544952393
2021-09-17 08:00:00,0.5640707397460938
2021-09-17 09:00:00,0.1275835952758789
2021-09-17 10:00:00,0.0
2021-09-17 11:00:00,0.08786574935913087
2021-09-17 12:00:00,0.15424103546142579
2021-09-17 13:00:00,0.38262053012847896
2021-09-17 14:00:00,0.24102663421630857
2021-09-17 15:00:00,0.5109514045715332
2021-09-17 16:00:00,0.70565478515625
2021-09-17 17:00:00,0.715297103881836
2021-09-17 18:00:00,0.9679305458068848
2021-09-17 19:00:00,1.756893020629883
2021-09-17 20:00:00,2.4038113937377927
2021-09-17 21:00:00,2.982972511291504
2021-09-17 22:00:00,3.050748596191406
2021-09-17 23:00:00,4.418917404174805
2021-09-18 00:00:00,5.315882720947266
2021-09-18 01:00:00,5.750993438720704
2021-09-18 02:00:00,5.901691375732422
2021-09-18 03:00:00,6.270339141845703
2021-09-18 04:00:00,6.393742401123047
2021-09-18 05:00:00,7.034423309326172
2021-09-18 06:00:00,5.840114013671875
2021-09-18 07:00:00,5.479780883789062
2021-09-18 08:00:00,3.6850703821182247
2021-09-18 09:00:00,2.03142218208313
2021-09-18 10:00:00,1.4088427948951723
2021-09-18 11:00:00,1.3006657104492187
2021-09-18 12:00:00,1.1373143310546876
2021-09-18 13:00:00,1.1077401428222655
2021-09-18 14:00:00,0.6864749717712403
2021-09-18 15:00:00,1.0091722564697265
2021-09-18 16:00:00,0.7048315353393555
2021-09-18 17:00:00,0.9268568611145019
2021-09-18 18:00:00,1.796746536254883
2021-09-18 19:00:00,2.2395475158691407
2021-09-18 20:00:00,2.5669919509887693
2021-09-18 21:00:00,3.852988647460937
2021-09-18 22:00:00,4.190920471191406
2021-09-18 23:00:00,4.341578369140625
2021-09-19 00:00:00,4.727709564208984
2021-09-19 01:00:00,4.894302021026611
2021-09-19 02:00:00,4.808920295715332
2021-09-19 03:00:00,5.167833869934082
2021-09-19 04:00:00,5.287309783935547
2021-09-19 05:00:00,5.318705352783203
2021-09-19 06:00:00,3.9740751647949217
2021-09-19 07:00:00,3.874108581542969
2021-09-19 08:00:00,2.6985321044921875
2021-09-19 09:00:00,1.6671358642578125
2021-09-19 10:00:00,0.9420475463867187
2021-09-19 11:00:00,0.6103313674926758
2021-09-19 12:00:00,0.23388391876220702
2021-09-19 13:00:00,0.09804538345336913
2021-09-19 14:00:00,0.0
2021-09-19 15:00:00,0.0
2021-09-19 16:00:00,0.0
2021-09-19 17:00:00,0.0
2021-09-19 18:00:00,0.4166162719726562
2021-09-19 19:00:00,1.0503196105957031
2021-09-19 20:00:00,2.154072204589844
2021-09-19 21:00:00,3.2673087768554687
2021-09-19 22:00:00,4.218020874023438
2021-09-19 23:00:00,5.7283151245117185
2021-09-20 00:00:00,6.281455505371094
2021-09-20 01:00:00,6.844557800292969
2021-09-20 02:00:00,7.019928924560547
2021-09-20 03:00:00,7.168632110595703
2021-09-20 04:00:00,7.14197103881836
2021-09-20 05:00:00,7.106480987548828
2021-09-20 06:00:00,5.12889077758789
2021-09-20 07:00:00,4.245316734313965
2021-09-20 08:00:00,3.587065166473389
2021-09-20 09:00:00,2.172707374572754
2021-09-20 10:00:00,1.1982711296081543
2021-09-20 11:00:00,0.5536583588123322
2021-09-20 12:00:00,0.4988441543579102
2021-09-20 13:00:00,0.390101131439209
2021-09-20 14:00:00,0.3101513023376465
2021-09-20 15:00:00,0.0
2021-09-20 16:00:00,0.0
2021-09-20 17:00:00,0.0
2021-09-20 18:00:00,0.26884022521972656
2021-09-20 19:00:00,0.6512591552734375
2021-09-20 20:00:00,1.6266673221588135
2021-09-20 21:00:00,2.578555389404297
2021-09-20 22:00:00,3.2634792938232424
2021-09-20 23:00:00,3.9935747299194335
2021-09-21 00:00:00,4.584114074707031
2021-09-21 01:00:00,5.07792172241211
2021-09-21 02:00:00,5.488819122314453
2021-09-21 03:00:00,5.7473046875
2021-09-21 04:00:00,5.843915008544922
2021-09-21 05:00:00,6.095215454101563
2021-09-21 06:00:00,5.388294525146485
2021-09-21 07:00:00,4.9350189743041994
2021-09-21 08:00:00,4.263300689697266
2021-09-21 09:00:00,2.0682904357910155
2021-09-21 10:00:00,1.037322904586792
2021-09-21 11:00:00,0.06164079666137695
2021-09-21 12:00:00,0.0
2021-09-21 13:00:00,0.0
2021-09-21 14:00:00,0.0
2021-09-21 15:00:00,0.0
2021-09-21 16:00:00,0.0
2021-09-21 17:00:00,0.0
2021-09-21 18:00:00,0.009063060760498048
2021-09-21 19:00:00,0.5417830200195313
2021-09-21 20:00:00,0.5194688110351562
2021-09-21 21:00:00,1.6720181541442871
2021-09-21 22:00:00,2.5809476776123046
2021-09-21 23:00:00,2.7603756103515624
2021-09-22 00:00:00,3.158164337158203
2021-09-22 01:00:00,3.504647605895996
2021-09-22 02:00:00,3.60247322845459
2021-09-22 03:00:00,3.5206603622436523
2021-09-22 04:00:00,3.9495295486450197
2021-09-22 05:00:00,3.875688217163086
2021-09-22 06:00:00,2.9079864807128906
2021-09-22 07:00:00,2.5914819412231447
2021-09-22 08:00:00,2.161839450836182
2021-09-22 09:00:00,0.9393133509159088
2021-09-22 10:00:00,0.8277906036376953
2021-09-22 11:00:00,1.1869478225708008
2021-09-22 12:00:00,1.861037109375
2021-09-22 13:00:00,1.3290076293945312
2021-09-22 14:00:00,2.0405643310546875
2021-09-22 15:00:00,1.3088262786865235
2021-09-22 16:00:00,1.4104829864501953
2021-09-22 17:00:00,1.19065043258667
2021-09-22 18:00:00,2.0990212898254392
2021-09-22 19:00:00,3.055091384887695
2021-09-22 20:00:00,3.80078627204895
2021-09-22 21:00:00,4.367724975585937
2021-09-22 22:00:00,4.932763977050781
2021-09-22 23:00:00,5.5045062408447265
2021-09-23 00:00:00,6.286564034461975
2021-09-23 01:00:00,6.201640161514282
2021-09-23 02:00:00,6.25400772857666
2021-09-23 03:00:00,6.774470970153809
2021-09-23 04:00:00,6.822073066711425
2021-09-23 05:00:00,6.893000251770019
2021-09-23 06:00:00,5.947697791099548
2021-09-23 07:00:00,5.4663281812667845
2021-09-23 08:00:00,4.1861431121826165
2021-09-23 09:00:00,2.736768737792969
2021-09-23 10:00:00,1.7978595123291017
2021-09-23 11:00:00,1.5181583938598633
2021-09-23 12:00:00,1.0565864181518554
2021-09-23 13:00:00,0.8422447853088378
2021-09-23 14:00:00,1.0364331531524658
2021-09-23 15:00:00,0.8160968732833862
2021-09-23 16:00:00,1.0420447158813477
2021-09-23 17:00:00,1.5167821197509765
2021-09-23 18:00:00,1.8435137748718262
2021-09-23 19:00:00,2.390560546875
2021-09-23 20:00:00,3.349381851196289
2021-09-23 21:00:00,3.5173121337890625
2021-09-23 22:00:00,4.401223518371582
2021-09-23 23:00:00,5.468549201965332
2021-09-24 00:00:00,6.26409130859375
2021-09-24 01:00:00,6.812913619995117
2021-09-24 02:00:00,7.307449401855468
2021-09-24 03:00:00,7.4167430877685545
2021-09-24 04:00:00,7.988441528320312
2021-09-24 05:00:00,8.159999481201172
2021-09-24 06:00:00,6.301652679443359
2021-09-24 07:00:00,5.254633888244629
2021-09-24 08:00:00,4.337011291503907
2021-09-24 09:00:00,3.0770366592407226
2021-09-24 10:00:00,1.9753456649780274
2021-09-24 11:00:00,1.4608305130004884
2021-09-24 12:00:00,0.41331666374206544
2021-09-24 13:00:00,0.13857918977737427
2021-09-24 14:00:00,0.09869830322265626
2021-09-24 15:00:00,0.0
2021-09-24 16:00:00,0.0
2021-09-24 17:00:00,0.04165409088134766
2021-09-24 18:00:00,0.7106541519165039
2021-09-24 19:00:00,1.5809211120605469
2021-09-24 20:00:00,2.4125965270996095
2021-09-24 21:00:00,3.887372589111328
2021-09-24 22:00:00,6.561296234130859
2021-09-24 23:00:00,7.019915496826171
2021-09-25 00:00:00,7.855048248291016
2021-09-25 01:00:00,8.248008758544922
2021-09-25 02:00:00,9.142844207763671
2021-09-25 03:00:00,8.939070129394532
2021-09-25 04:00:00,9.414249938964844
2021-09-25 05:00:00,9.229949340820312
2021-09-25 06:00:00,7.176572311401367
2021-09-25 07:00:00,6.314547142028809
2021-09-25 08:00:00,3.9934535446166994
2021-09-25 09:00:00,2.648464771270752
2021-09-25 10:00:00,2.046294059753418
2021-09-25 11:00:00,1.4473195037841797
2021-09-25 12:00:00,1.303304599761963
2021-09-25 13:00:00,0.30273182678222654
2021-09-25 14:00:00,0.1030012149810791
2021-09-25 15:00:00,0.0
2021-09-25 16:00:00,0.0
2021-09-25 17:00:00,0.0
2021-09-25 18:00:00,0.5757524108886718
2021-09-25 19:00:00,1.1653317642211913
2021-09-25 20:00:00,2.504145889282227
2021-09-25 21:00:00,2.909685760498047
2021-09-25 22:00:00,3.9240954208374026
2021-09-25 23:00:00,5.206614723205567
2021-09-26 00:00:00,5.99730379486084
2021-09-26 01:00:00,6.700717193603516
2021-09-26 02:00:00,7.591314750671387
2021-09-26 03:00:00,7.7927601852417
2021-09-26 04:00:00,8.07249153137207
2021-09-26 05:00:00,7.842419189453125
2021-09-26 06:00:00,6.397898334503173
2021-09-26 07:00:00,6.048691040039062
2021-09-26 08:00:00,4.229044677734375
2021-09-26 09:00:00,2.1361888046264648
2021-09-26 10:00:00,0.6741328468322754
2021-09-26 11:00:00,1.1451772499084474
2021-09-26 12:00:00,0.8740083131790161
2021-09-26 13:00:00,1.2097836036682128
2021-09-26 14:00:00,0.7665846557617187
2021-09-26 15:00:00,0.37118069553375244
2021-09-26 16:00:00,0.52535005569458
2021-09-26 17:00:00,1.1086172819137574
2021-09-26 18:00:00,1.6559289493560791
2021-09-26 19:00:00,1.7479033203125
2021-09-26 20:00:00,2.0540607452392576
2021-09-26 21:00:00,4.125480621337891
2021-09-26 22:00:00,5.232896514892579
2021-09-26 23:00:00,6.317327178955078
2021-09-27 00:00:00,7.026438247680664
2021-09-27 01:00:00,7.407894302368164
2021-09-27 02:00:00,7.799295852661133
2021-09-27 03:00:00,7.5756673355102535
2021-09-27 04:00:00,7.920511749267579
2021-09-27 05:00:00,8.195717063903809
2021-09-27 06:00:00,6.776263336181641
2021-09-27 07:00:00,5.960755493164062
2021-09-27 08:00:00,4.319126991271973
2021-09-27 09:00:00,2.7122340321540834
2021-09-27 10:00:00,1.6295604476928713
2021-09-27 11:00:00,1.5702131690979004
2021-09-27 12:00:00,1.0824847526550292
2021-09-27 13:00:00,1.40479723739624
2021-09-27 14:00:00,1.663384463906288
2021-09-27 15:00:00,1.95320751953125
2021-09-27 16:00:00,2.6575521163940428
2021-09-27 17:00:00,2.8121931762695316
2021-09-27 18:00:00,4.118509582519532
2021-09-27 19:00:00,4.641309600830078
2021-09-27 20:00:00,4.09875144958496
2021-09-27 21:00:00,4.567439468383789
2021-09-27 22:00:00,5.7176860809326175
2021-09-27 23:00:00,6.2308758392333985
2021-09-28 00:00:00,6.612124725341797
2021-09-28 01:00:00,6.710821243286134
2021-09-28 02:00:00,6.883053497314453
2021-09-28 03:00:00,7.24333578491211
2021-09-28 04:00:00,7.635481079101562
2021-09-28 05:00:00,7.6227466583251955
2021-09-28 06:00:00,5.938602310180665
2021-09-28 07:00:00,5.826680938720703
2021-09-28 08:00:00,3.5922136993408205
2021-09-28 09:00:00,1.5615852241516115
2021-09-28 10:00:00,1.3269207191467287
2021-09-28 11:00:00,1.1103349800109863
2021-09-28 12:00:00,0.850311408996582
2021-09-28 13:00:00,0.5206449966430664
2021-09-28 14:00:00,0.017520549774169922
2021-09-28 15:00:00,0.06834379577636719
2021-09-28 16:00:00,0.03514841079711914
2021-09-28 17:00:00,0.2656070957183838
2021-09-28 18:00:00,0.9075050354003906
2021-09-28 19:00:00,1.7764888982772828
2021-09-28 20:00:00,2.2783556547164916
2021-09-28 21:00:00,2.345017631530762
2021-09-28 22:00:00,2.999187089920044
2021-09-28 23:00:00,4.067870872497559
2021-09-29 00:00:00,4.693788898468018
2021-09-29 01:00:00,5.904388923645019
2021-09-29 02:00:00,6.130061378479004
2021-09-29 03:00:00,6.3364695434570315
2021-09-29 04:00:00,6.263085845947266
2021-09-29 05:00:00,6.001376586914063
2021-09-29 06:00:00,4.569657722473144
2021-09-29 07:00:00,4.119186290740966
2021-09-29 08:00:00,2.5497443237304687
2021-09-29 09:00:00,0.8408060913085937
2021-09-29 10:00:00,0.2988053131103515
2021-09-29 11:00:00,0.04742063617706299
2021-09-29 12:00:00,0.0
2021-09-29 13:00:00,0.08871046447753907
2021-09-29 14:00:00,0.03347595596313477
2021-09-29 15:00:00,0.0
2021-09-29 16:00:00,0.0
2021-09-29 17:00:00,0.0
2021-09-29 18:00:00,0.44683610534667967
2021-09-29 19:00:00,1.1264431343078614
2021-09-29 20:00:00,1.7126414146423339
2021-09-29 21:00:00,2.2770902252197267
2021-09-29 22:00:00,2.7839081954956053
2021-09-29 23:00:00,3.3346617736816406
2021-09-30 00:00:00,4.103556335449219
2021-09-30 01:00:00,4.396658851623535
2021-09-30 02:00:00,4.535166168689727
2021-09-30 03:00:00,4.793045202255249
2021-09-30 04:00:00,4.849764560699462
2021-09-30 05:00:00,4.981140365600586
2021-09-30 06:00:00,3.5710344390869144
2021-09-30 07:00:00,3.0971612052917483
2021-09-30 08:00:00,2.6203582916259767
2021-09-30 09:00:00,1.1136238555908204
2021-09-30 10:00:00,0.609351921081543
2021-09-30 11:00:00,0.30610181856155394
2021-09-30 12:00:00,0.20182464408874512
2021-09-30 13:00:00,0.09372174835205078
2021-09-30 14:00:00,0.11617671775817871
2021-09-30 15:00:00,0.3698489799499512
2021-09-30 16:00:00,1.2714220352172851
2021-09-30 17:00:00,1.6718492403030396
2021-09-30 18:00:00,2.5089237976074217
2021-09-30 19:00:00,2.942696859359741
2021-09-30 20:00:00,4.221223579406738
2021-09-30 21:00:00,5.1155401153564455
2021-09-30 22:00:00,6.313015930175781
2021-09-30 23:00:00,7.747303436279297
2021-10-01 00:00:00,8.680020072937012
2021-10-01 01:00:00,9.159799392700195
2021-10-01 02:00:00,9.760579071998595
2021-10-01 03:00:00,10.230676097869873
2021-10-01 04:00:00,9.706712306976318
2021-10-01 05:00:00,9.649524034500121
2021-10-01 06:00:00,8.003448936462402
2021-10-01 07:00:00,7.579096885681152
2021-10-01 08:00:00,4.9385257301330565
2021-10-01 09:00:00,2.9597161388397213
2021-10-01 10:00:00,1.6326082916259765
2021-10-01 11:00:00,0.5794959335327149
2021-10-01 12:00:00,0.5758314819335937
2021-10-01 13:00:00,0.41084402036666867
2021-10-01 14:00:00,0.06447269630432129
2021-10-01 15:00:00,0.0
2021-10-01 16:00:00,0.20512203311920163
2021-10-01 17:00:00,0.5860181813240051
2021-10-01 18:00:00,1.7920570678710939
2021-10-01 19:00:00,2.715521026611328
2021-10-01 20:00:00,4.466643138885498
2021-10-01 21:00:00,5.359207290649414
2021-10-01 22:00:00,6.168224468231201
2021-10-01 23:00:00,7.476380935668945
2021-10-02 00:00:00,8.225924560546876
2021-10-02 01:00:00,9.078803588867189
2021-10-02 02:00:00,9.581990109443666
2021-10-02 03:00:00,9.478235282897948
2021-10-02 04:00:00,10.551948471069336
2021-10-02 05:00:00,10.42994197845459
2021-10-02 06:00:00,8.525039016723634
2021-10-02 07:00:00,7.171106609344482
2021-10-02 08:00:00,4.678632705807686
2021-10-02 09:00:00,2.934845027923584
2021-10-02 10:00:00,1.7902008972167969
2021-10-02 11:00:00,1.4053262844085694
2021-10-02 12:00:00,0.9098429412841798
2021-10-02 13:00:00,0.4891108322143555
2021-10-02 14:00:00,0.4886176071166992
2021-10-02 15:00:00,1.0456192321777344
2021-10-02 16:00:00,1.6088852615356444
2021-10-02 17:00:00,2.166164810180664
2021-10-02 18:00:00,2.202478546142578
2021-10-02 19:00:00,3.3604223022460937
2021-10-02 20:00:00,4.156749282836914
2021-10-02 21:00:00,5.103016006469726
2021-10-02 22:00:00,6.442551528930664
2021-10-02 23:00:00,8.384369262695312
2021-10-03 00:00:00,9.681655517578125
2021-10-03 01:00:00,10.419522247314454
2021-10-03 02:00:00,10.421224578857421
2021-10-03 03:00:00,10.465276351928711
2021-10-03 04:00:00,9.421549407958985
2021-10-03 05:00:00,8.907215454101562
2021-10-03 06:00:00,7.021634048461914
2021-10-03 07:00:00,5.7944055833816535
2021-10-03 08:00:00,3.9155056762695315
2021-10-03 09:00:00,3.0253706207275393
2021-10-03 10:00:00,2.4068332901000975
2021-10-03 11:00:00,1.645093948364258
2021-10-03 12:00:00,1.5319628400802612
2021-10-03 13:00:00,1.5098822784423829
2021-10-03 14:00:00,1.120170063018799
2021-10-03 15:00:00,0.7064024546146392
2021-10-03 16:00:00,0.3766727523803711
2021-10-03 17:00:00,1.2808973693847656
2021-10-03 18:00:00,2.1939876861572265
2021-10-03 19:00:00,2.569763916015625
2021-10-03 20:00:00,3.5158776092529296
2021-10-03 21:00:00,4.833494079589844
2021-10-03 22:00:00,5.637109024047851
2021-10-03 23:00:00,6.424601019859314
2021-10-04 00:00:00,7.258400382995605
2021-10-04 01:00:00,8.994689613342285
2021-10-04 02:00:00,9.729777305603026
2021-10-04 03:00:00,10.32436637878418
2021-10-04 04:00:00,10.094480728149414
2021-10-04 05:00:00,11.831472015380859
2021-10-04 06:00:00,8.778181701660156
2021-10-04 07:00:00,5.84057239151001
2021-10-04 08:00:00,4.46671142578125
2021-10-04 09:00:00,1.1397576470375061
2021-10-04 10:00:00,0.2912419128417969
2021-10-04 11:00:00,0.0
2021-10-04 12:00:00,0.0
2021-10-04 13:00:00,0.0
2021-10-04 14:00:00,0.0
2021-10-04 15:00:00,0.0
2021-10-04 16:00:00,0.0
2021-10-04 17:00:00,0.0
2021-10-04 18:00:00,1.0576757469177247
2021-10-04 19:00:00,2.3068526763916015
2021-10-04 20:00:00,3.219538055419922
2021-10-04 21:00:00,4.431541816711426
2021-10-04 22:00:00,5.13770628452301
2021-10-04 23:00:00,6.418551979064942
2021-10-05 00:00:00,7.7032734375
2021-10-05 01:00:00,9.209340362548827
2021-10-05 02:00:00,9.979021423339844
2021-10-05 03:00:00,10.502975036621095
2021-10-05 04:00:00,10.886682456970213
2021-10-05 05:00:00,10.906846961975099
2021-10-05 06:00:00,8.221665344238282
2021-10-05 07:00:00,5.257888886451721
2021-10-05 08:00:00,3.270434642791748
2021-10-05 09:00:00,0.7153198304176331
2021-10-05 10:00:00,0.0
2021-10-05 11:00:00,0.0
2021-10-05 12:00:00,0.0
2021-10-05 13:00:00,0.0
2021-10-05 14:00:00,0.0
2021-10-05 15:00:00,0.0
2021-10-05 16:00:00,0.0
2021-10-05 17:00:00,0.0
2021-10-05 18:00:00,0.6824628143310547
2021-10-05 19:00:00,1.36851420211792
2021-10-05 20:00:00,2.082280029296875
2021-10-05 21:00:00,2.7937928466796875
2021-10-05 22:00:00,3.941861572265625
2021-10-05 23:00:00,4.93676887512207
2021-10-06 00:00:00,5.362325141906738
2021-10-06 01:00:00,6.322214324951172
2021-10-06 02:00:00,8.01743741607666
2021-10-06 03:00:00,8.976274993896485
2021-10-06 04:00:00,9.610033889770508
2021-10-06 05:00:00,10.758374168395996
2021-10-06 06:00:00,9.615968085289001
2021-10-06 07:00:00,7.683710556030274
2021-10-06 08:00:00,4.236616645812989
2021-10-06 09:00:00,1.495408302307129
2021-10-06 10:00:00,0.8805019989013672
2021-10-06 11:00:00,0.7728383178710938
2021-10-06 12:00:00,0.7785243606567382
2021-10-06 13:00:00,0.6004565734863281
2021-10-06 14:00:00,0.16088056945800783
2021-10-06 15:00:00,0.18069952392578126
2021-10-06 16:00:00,0.20217396545410157
2021-10-06 17:00:00,0.7008952026367188
2021-10-06 18:00:00,1.4462527160644532
2021-10-06 19:00:00,2.787518867492676
2021-10-06 20:00:00,4.10278598022461
2021-10-06 21:00:00,5.7605924224853515
2021-10-06 22:00:00,7.082117420196534
2021-10-06 23:00:00,8.679093704223632
2021-10-07 00:00:00,9.956457496643067
2021-10-07 01:00:00,11.062087799072266
2021-10-07 02:00:00,11.961436447143555
2021-10-07 03:00:00,13.683242616653441
2021-10-07 04:00:00,14.173559188842773
2021-10-07 05:00:00,14.490251525878907
2021-10-07 06:00:00,11.822792167663575
2021-10-07 07:00:00,10.809313890457153
2021-10-07 08:00:00,8.307729399204256
2021-10-07 09:00:00,4.9100762023925775
2021-10-07 10:00:00,1.6104966220855714
2021-10-07 11:00:00,1.5077744407653808
2021-10-07 12:00:00,0.698497413635254
2021-10-07 13:00:00,0.39057746887207034
2021-10-07 14:00:00,0.3307522850036621
2021-10-07 15:00:00,0.6327270431518555
2021-10-07 16:00:00,2.9051556282043456
2021-10-07 17:00:00,4.318210708618164
2021-10-07 18:00:00,4.274731773376464
2021-10-07 19:00:00,5.702666839599609
2021-10-07 20:00:00,7.336677150726318
2021-10-07 21:00:00,9.149062366485595
2021-10-07 22:00:00,10.383667018890382
2021-10-07 23:00:00,11.926301246643067
2021-10-08 00:00:00,12.093384880065917
2021-10-08 01:00:00,12.716936210632324
2021-10-08 02:00:00,12.193667869567872
2021-10-08 03:00:00,8.911074268341064
2021-10-08 04:00:00,11.893651329040527
2021-10-08 05:00:00,14.69231253051758
2021-10-08 06:00:00,11.898162521362305
2021-10-08 07:00:00,10.662114212036133
2021-10-08 08:00:00,8.457173170089721
2021-10-08 09:00:00,2.842420516967773
2021-10-08 10:00:00,1.615546901702881
2021-10-08 11:00:00,1.357002597808838
2021-10-08 12:00:00,1.2881976442337035
2021-10-08 13:00:00,0.8871609954833984
2021-10-08 14:00:00,0.7041406669616699
2021-10-08 15:00:00,0.6134370422363282
2021-10-08 16:00:00,0.76654150390625
2021-10-08 17:00:00,1.0596501541137695
2021-10-08 18:00:00,3.2607688522338867
2021-10-08 19:00:00,4.942572303771973
2021-10-08 20:00:00,6.373200378417969
2021-10-08 21:00:00,7.1584573745727536
2021-10-08 22:00:00,11.67300210571289
2021-10-08 23:00:00,11.668177951812744
2021-10-09 00:00:00,13.788735877990721
2021-10-09 01:00:00,14.51902871322632
2021-10-09 02:00:00,15.521897201538085
2021-10-09 03:00:00,15.70750161743164
2021-10-09 04:00:00,16.125180541992187
2021-10-09 05:00:00,16.675687454223635
2021-10-09 06:00:00,14.377905319213868
2021-10-09 07:00:00,17.34178579711914
2021-10-09 08:00:00,12.058388473510743
2021-10-09 09:00:00,4.625184646606446
2021-10-09 10:00:00,3.244765686035156
2021-10-09 11:00:00,1.875205139160156
2021-10-09 12:00:00,1.029808496952057
2021-10-09 13:00:00,0.892811050415039
2021-10-09 14:00:00,0.5587612304687499
2021-10-09 15:00:00,0.5114478607177735
2021-10-09 16:00:00,0.6200995836257934
2021-10-09 17:00:00,1.0428622131347656
2021-10-09 18:00:00,2.2664514007568357
2021-10-09 19:00:00,2.9643904724121093
2021-10-09 20:00:00,3.9692209167480472
2021-10-09 21:00:00,4.7652191696166994
2021-10-09 22:00:00,7.985745731353759
2021-10-09 23:00:00,9.189800941467286
2021-10-10 00:00:00,11.715186241149901
2021-10-10 01:00:00,12.045644393920899
2021-10-10 02:00:00,12.967127914428712
2021-10-10 03:00:00,13.289156875610352
2021-10-10 04:00:00,13.746610595703125
2021-10-10 05:00:00,13.815798126220702
2021-10-10 06:00:00,12.200538530349732
2021-10-10 07:00:00,9.712344467163085
2021-10-10 08:00:00,7.815912353515625
2021-10-10 09:00:00,2.5169934539794925
2021-10-10 10:00:00,1.5498071365356445
2021-10-10 11:00:00,1.0042173767089844
2021-10-10 12:00:00,0.9466363525390626
2021-10-10 13:00:00,0.6471436386108398
2021-10-10 14:00:00,0.48861353302001953
2021-10-10 15:00:00,1.4137200593948365
2021-10-10 16:00:00,0.5976261024475098
2021-10-10 17:00:00,1.0336875305175781
2021-10-10 18:00:00,1.75981404876709
2021-10-10 19:00:00,2.6176795196533202
2021-10-10 20:00:00,3.373601676940918
2021-10-10 21:00:00,4.262197143554688
2021-10-10 22:00:00,6.081671062469482
2021-10-10 23:00:00,6.969503387451171
2021-10-11 00:00:00,8.471105865478517
2021-10-11 01:00:00,10.538369911193847
2021-10-11 02:00:00,10.415452350616455
2021-10-11 03:00:00,11.566183181762696
2021-10-11 04:00:00,11.767263656616212
2021-10-11 05:00:00,12.086452842712403
2021-10-11 06:00:00,10.255609901189803
2021-10-11 07:00:00,9.252938274383546
2021-10-11 08:00:00,6.5318875427246095
2021-10-11 09:00:00,5.146393432617188
2021-10-11 10:00:00,3.6867462310791015
2021-10-11 11:00:00,1.1897390081882477
2021-10-11 12:00:00,0.5482555332183838
2021-10-11 13:00:00,0.5186321105957031
2021-10-11 14:00:00,0.3905079116821289
2021-10-11 15:00:00,0.807765380859375
2021-10-11 16:00:00,0.49151357650756833
2021-10-11 17:00:00,1.3181237640380858
2021-10-11 18:00:00,2.654221256256103
2021-10-11 19:00:00,3.7251390075683597
2021-10-11 20:00:00,4.584664012908935
2021-10-11 21:00:00,3.8634773941040037
2021-10-11 22:00:00,3.8964546966552733
2021-10-11 23:00:00,7.310565826416015
2021-10-12 00:00:00,10.564669227123261
2021-10-12 01:00:00,13.143874114990235
2021-10-12 02:00:00,14.514767028808594
2021-10-12 03:00:00,14.633653205871582
2021-10-12 04:00:00,14.986262725830077
2021-10-12 05:00:00,15.52209942626953
2021-10-12 06:00:00,12.852848083496095
2021-10-12 07:00:00,12.349694622039795
2021-10-12 08:00:00,12.642539672851562
2021-10-12 09:00:00,8.821661715507506
2021-10-12 10:00:00,6.263097930908203
2021-10-12 11:00:00,3.700821487426758
2021-10-12 12:00:00,2.9788853912353517
2021-10-12 13:00:00,3.9614402618408207
2021-10-12 14:00:00,4.181612335205078
2021-10-12 15:00:00,6.196815109252929
2021-10-12 16:00:00,5.043182826995849
2021-10-12 17:00:00,7.272566173553467
2021-10-12 18:00:00,10.483577362060547
2021-10-12 19:00:00,12.093823127746582
2021-10-12 20:00:00,15.010626495361329
2021-10-12 21:00:00,15.689460174560548
2021-10-12 22:00:00,14.381725051879883
2021-10-12 23:00:00,15.486619415283204
2021-10-13 00:00:00,18.16789483642578
2021-10-13 01:00:00,18.94678867149353
2021-10-13 02:00:00,19.175253807067868
2021-10-13 03:00:00,22.503289184570313
2021-10-13 04:00:00,25.5185869140625
2021-10-13 05:00:00,25.733903564453126
2021-10-13 06:00:00,25.94006134033203
2021-10-13 07:00:00,26.08046813964844
2021-10-13 08:00:00,18.863407012939454
2021-10-13 09:00:00,7.925067504882813
2021-10-13 10:00:00,6.89582525753975
2021-10-13 11:00:00,4.924131378173828
2021-10-13 12:00:00,3.574872874259949
2021-10-13 13:00:00,2.9782861938476564
2021-10-13 14:00:00,2.034354446411133
2021-10-13 15:00:00,1.261001937866211
2021-10-13 16:00:00,2.0851581420898437
2021-10-13 17:00:00,2.7333526592254636
2021-10-13 18:00:00,5.53904157447815
2021-10-13 19:00:00,6.924223876953125
2021-10-13 20:00:00,10.47138018798828
2021-10-13 21:00:00,15.463980033874511
2021-10-13 22:00:00,17.316155471801757
2021-10-13 23:00:00,20.89260412597656
2021-10-14 00:00:00,21.94988623046875
2021-10-14 01:00:00,22.88951156616211
2021-10-14 02:00:00,25.7168017578125
2021-10-14 03:00:00,26.164576721191406
2021-10-14 04:00:00,29.170492858886718
2021-10-14 05:00:00,28.064779907226562
2021-10-14 06:00:00,27.02905010986328
2021-10-14 07:00:00,22.248886108398438
2021-10-14 08:00:00,19.21347689819336
2021-10-14 09:00:00,14.27675611114502
2021-10-14 10:00:00,9.892696984291078
2021-10-14 11:00:00,8.738897644042968
2021-10-14 12:00:00,4.240557049751282
2021-10-14 13:00:00,2.138512565612793
2021-10-14 14:00:00,1.2026968803405762
2021-10-14 15:00:00,0.8070101318359375
2021-10-14 16:00:00,0.6960710906982421
2021-10-14 17:00:00,1.6850556297302246
2021-10-14 18:00:00,3.793040283203125
2021-10-14 19:00:00,4.760219146728516
2021-10-14 20:00:00,6.32823528289795
2021-10-14 21:00:00,7.080392272949219
2021-10-14 22:00:00,8.989937217712402
2021-10-14 23:00:00,12.080690605163575
2021-10-15 00:00:00,14.140131866455079
2021-10-15 01:00:00,14.668333099365235
2021-10-15 02:00:00,14.841788024902344
2021-10-15 03:00:00,13.844437767505646
2021-10-15 04:00:00,14.175726924896239
2021-10-15 05:00:00,14.952707077026368
2021-10-15 06:00:00,12.21834870529175
2021-10-15 07:00:00,9.329896226882934
2021-10-15 08:00:00,5.022900123596191
2021-10-15 09:00:00,1.8049509010314941
2021-10-15 10:00:00,0.6565579299926758
2021-10-15 11:00:00,0.27533763122558597
2021-10-15 12:00:00,0.0
2021-10-15 13:00:00,0.0
2021-10-15 14:00:00,0.0
2021-10-15 15:00:00,0.0
2021-10-15 16:00:00,0.0
2021-10-15 17:00:00,0.0
2021-10-15 18:00:00,0.4487357635498047
2021-10-15 19:00:00,0.8728667602539062
2021-10-15 20:00:00,1.371674991607666
2021-10-15 21:00:00,1.9947861862182619
2021-10-15 22:00:00,2.5329434204101564
2021-10-15 23:00:00,3.93584002494812
2021-10-16 00:00:00,4.595270141601562
2021-10-16 01:00:00,5.056991844177246
2021-10-16 02:00:00,5.391229721069336
2021-10-16 03:00:00,5.508503082275391
2021-10-16 04:00:00,5.208437278747558
2021-10-16 05:00:00,5.392304870605469
2021-10-16 06:00:00,3.971707618713379
2021-10-16 07:00:00,2.6468687591552733
2021-10-16 08:00:00,1.4145377635955811
2021-10-16 09:00:00,0.671300064086914
2021-10-16 10:00:00,0.2171596527099609
2021-10-16 11:00:00,0.0006290124058723449
2021-10-16 12:00:00,0.0
2021-10-16 13:00:00,0.0
2021-10-16 14:00:00,0.0
2021-10-16 15:00:00,0.0
2021-10-16 16:00:00,0.0
2021-10-16 17:00:00,0.14934445190429688
2021-10-16 18:00:00,0.8573867340087891
2021-10-16 19:00:00,1.1458498229980467
2021-10-16 20:00:00,1.8778115539550781
2021-10-16 21:00:00,2.2366295166015626
2021-10-16 22:00:00,3.562861038208008
2021-10-16 23:00:00,5.566491729736327
2021-10-17 00:00:00,6.841769523620606
2021-10-17 01:00:00,7.254248252868653
2021-10-17 02:00:00,7.5343118019104
2021-10-17 03:00:00,7.335254539489746
2021-10-17 04:00:00,7.933919136047363
2021-10-17 05:00:00,8.320496730804443
2021-10-17 06:00:00,6.544322483062745
2021-10-17 07:00:00,5.545147933959961
2021-10-17 08:00:00,3.5086483230590817
2021-10-17 09:00:00,0.9593844413757324
2021-10-17 10:00:00,0.30576744079589846
2021-10-17 11:00:00,0.1067214469909668
2021-10-17 12:00:00,0.0
2021-10-17 13:00:00,0.0
2021-10-17 14:00:00,0.0
2021-10-17 15:00:00,0.0
2021-10-17 16:00:00,0.0
2021-10-17 17:00:00,0.0
2021-10-17 18:00:00,0.5136741638183593
2021-10-17 19:00:00,0.8885590000152588
2021-10-17 20:00:00,1.4578661804199218
2021-10-17 21:00:00,1.9421251678466795
2021-10-17 22:00:00,2.6374291381835935
2021-10-17 23:00:00,3.1004635543823245
2021-10-18 00:00:00,4.462053741455078
2021-10-18 01:00:00,5.452911617279053
2021-10-18 02:00:00,6.362158752441406
2021-10-18 03:00:00,8.040580200195311
2021-10-18 04:00:00,10.090415336608887
2021-10-18 05:00:00,11.32103091430664
2021-10-18 06:00:00,8.9606830368042
2021-10-18 07:00:00,8.00703857421875
2021-10-18 08:00:00,5.447155487060547
2021-10-18 09:00:00,3.0830013160705567
2021-10-18 10:00:00,1.6071416339874267
2021-10-18 11:00:00,0.9821360626220703
2021-10-18 12:00:00,1.1763586196899414
2021-10-18 13:00:00,1.852455539703369
2021-10-18 14:00:00,1.2375435047149659
2021-10-18 15:00:00,0.9436867218017577
2021-10-18 16:00:00,2.179389617919922
2021-10-18 17:00:00,3.4405792083740234
2021-10-18 18:00:00,4.108952285766602
2021-10-18 19:00:00,4.915682674407959
2021-10-18 20:00:00,5.065762176513672
2021-10-18 21:00:00,5.864100128173828
2021-10-18 22:00:00,6.832126800537109
2021-10-18 23:00:00,7.32818441772461
2021-10-19 00:00:00,8.873545104980469
2021-10-19 01:00:00,8.928033790588378
2021-10-19 02:00:00,9.753990089416504
2021-10-19 03:00:00,9.896775115966797
2021-10-19 04:00:00,10.39413919067383
2021-10-19 05:00:00,10.508447174072266
2021-10-19 06:00:00,8.105649399757386
2021-10-19 07:00:00,9.110546752929686
2021-10-19 08:00:00,7.049861328125
2021-10-19 09:00:00,4.930983795166016
2021-10-19 10:00:00,5.2824673767089845
2021-10-19 11:00:00,3.6844398193359376
2021-10-19 12:00:00,3.630664489746094
2021-10-19 13:00:00,3.4504798049926757
2021-10-19 14:00:00,3.281829376220703
2021-10-19 15:00:00,4.628573932647705
2021-10-19 16:00:00,5.989558307647705
2021-10-19 17:00:00,6.349839561462402
2021-10-19 18:00:00,7.524658660888672
2021-10-19 19:00:00,9.422763122558594
2021-10-19 20:00:00,9.15603108215332
2021-10-19 21:00:00,11.44379119873047
2021-10-19 22:00:00,13.157612747192383
2021-10-19 23:00:00,13.21578261566162
2021-10-20 00:00:00,14.309244423866271
2021-10-20 01:00:00,15.267963657379152
2021-10-20 02:00:00,17.489851432800293
2021-10-20 03:00:00,20.292740867614746
2021-10-20 04:00:00,20.70491339111328
2021-10-20 05:00:00,21.322609466552734
2021-10-20 06:00:00,19.451091102600095
2021-10-20 07:00:00,16.04915365600586
2021-10-20 08:00:00,13.0109421043396
2021-10-20 09:00:00,7.122190944671631
2021-10-20 10:00:00,4.076723571777343
2021-10-20 11:00:00,3.0496131134033204
2021-10-20 12:00:00,3.194422119140625
2021-10-20 13:00:00,2.9092130584716798
2021-10-20 14:00:00,2.5971264572143555
2021-10-20 15:00:00,1.7065962600708007
2021-10-20 16:00:00,2.6247908592224123
2021-10-20 17:00:00,3.8212906646728517
2021-10-20 18:00:00,4.758088211059571
2021-10-20 19:00:00,6.172743572235108
2021-10-20 20:00:00,7.575754762649536
2021-10-20 21:00:00,9.66541932296753
2021-10-20 22:00:00,10.359676147460938
2021-10-20 23:00:00,11.93713547515869
2021-10-21 00:00:00,13.120056964874266
2021-10-21 01:00:00,14.72535646057129
2021-10-21 02:00:00,15.33812826538086
2021-10-21 03:00:00,15.335923217773438
2021-10-21 04:00:00,17.076570404052735
2021-10-21 05:00:00,16.883981063842775
2021-10-21 06:00:00,14.37516830444336
2021-10-21 07:00:00,13.411384124755859
2021-10-21 08:00:00,10.409441690444947
2021-10-21 09:00:00,6.382508513450622
2021-10-21 10:00:00,3.1155911560058596
2021-10-21 11:00:00,2.1877014360427856
2021-10-21 12:00:00,1.6630405282974243
2021-10-21 13:00:00,1.3634315032958984
2021-10-21 14:00:00,0.7521176300048829
2021-10-21 15:00:00,0.6059952697753905
2021-10-21 16:00:00,1.363802490234375
2021-10-21 17:00:00,2.1963645401000975
2021-10-21 18:00:00,3.714915351867676
2021-10-21 19:00:00,5.5845225906372065
2021-10-21 20:00:00,6.026044586181641
2021-10-21 21:00:00,8.276686706542968
2021-10-21 22:00:00,11.426344879150392
2021-10-21 23:00:00,13.186018966674805
2021-10-22 00:00:00,15.53334407043457
2021-10-22 01:00:00,14.148404705047607
2021-10-22 02:00:00,15.335230155944824
2021-10-22 03:00:00,11.787552688598634
2021-10-22 04:00:00,14.05952978515625
2021-10-22 05:00:00,13.537344772338868
2021-10-22 06:00:00,9.04193828201294
2021-10-22 07:00:00,10.313122673034668
2021-10-22 08:00:00,10.3288021774292
2021-10-22 09:00:00,4.842605571746827
2021-10-22 10:00:00,2.9450837326049806
2021-10-22 11:00:00,3.010742986679077
2021-10-22 12:00:00,2.801776454001665
2021-10-22 13:00:00,2.0895219173431396
2021-10-22 14:00:00,2.2198129272460934
2021-10-22 15:00:00,2.2049593505859377
2021-10-22 16:00:00,2.345235061645508
2021-10-22 17:00:00,3.0516612701416017
2021-10-22 18:00:00,3.9656883392333984
2021-10-22 19:00:00,4.129403842926026
2021-10-22 20:00:00,7.439876972198486
2021-10-22 21:00:00,9.924148761749269
2021-10-22 22:00:00,11.255078582763673
2021-10-22 23:00:00,13.247291229248047
2021-10-23 00:00:00,13.612733215332032
2021-10-23 01:00:00,15.625318267822266
2021-10-23 02:00:00,16.477474090576173
2021-10-23 03:00:00,18.82811780357361
2021-10-23 04:00:00,19.319821060180665
2021-10-23 05:00:00,20.081874382019045
2021-10-23 06:00:00,19.237454356193542
2021-10-23 07:00:00,18.193982341766358
2021-10-23 08:00:00,15.487794616699219
2021-10-23 09:00:00,8.496912380218506
2021-10-23 10:00:00,4.192089191436768
2021-10-23 11:00:00,3.1822793083190914
2021-10-23 12:00:00,2.0629739685058595
2021-10-23 13:00:00,0.8266316680908203
2021-10-23 14:00:00,0.4479869689941406
2021-10-23 15:00:00,0.46848614501953123
2021-10-23 16:00:00,0.9837995147705078
2021-10-23 17:00:00,1.518997375488281
2021-10-23 18:00:00,3.1405503311157226
2021-10-23 19:00:00,5.012391174316406
2021-10-23 20:00:00,5.634721298217773
2021-10-23 21:00:00,7.761882852554321
2021-10-23 22:00:00,12.807359848022461
2021-10-23 23:00:00,12.842294765472413
2021-10-24 00:00:00,17.419656829833983
2021-10-24 01:00:00,18.857702147483828
2021-10-24 02:00:00,21.426147781372073
2021-10-24 03:00:00,20.242955993652345
2021-10-24 04:00:00,21.02017847442627
2021-10-24 05:00:00,22.2122255859375
2021-10-24 06:00:00,21.252726745605468
2021-10-24 07:00:00,18.12474673461914
2021-10-24 08:00:00,15.559184944152832
2021-10-24 09:00:00,12.309799072265626
2021-10-24 10:00:00,9.182730243682862
2021-10-24 11:00:00,8.56913333129883
2021-10-24 12:00:00,8.054960235595702
2021-10-24 13:00:00,5.686652923583985
2021-10-24 14:00:00,3.65924790763855
2021-10-24 15:00:00,2.0638685302734374
2021-10-24 16:00:00,1.5781522521972655
2021-10-24 17:00:00,2.79134464263916
2021-10-24 18:00:00,5.258024841308593
2021-10-24 19:00:00,6.4155640792846675
2021-10-24 20:00:00,8.935347930908204
2021-10-24 21:00:00,10.902811462402344
2021-10-24 22:00:00,12.809812805175781
2021-10-24 23:00:00,15.790530075073242
2021-10-25 00:00:00,20.464996490478516
2021-10-25 01:00:00,21.4880390625
2021-10-25 02:00:00,20.569004791259765
2021-10-25 03:00:00,19.54644024658203
2021-10-25 04:00:00,19.635629760742187
2021-10-25 05:00:00,19.53727960586548
2021-10-25 06:00:00,19.612988708496093
2021-10-25 07:00:00,15.852880126953124
2021-10-25 08:00:00,13.448984718322754
2021-10-25 09:00:00,7.825491027832031
2021-10-25 10:00:00,3.043093614578247
2021-10-25 11:00:00,2.6151425704956055
2021-10-25 12:00:00,1.6691187133789063
2021-10-25 13:00:00,1.082584285736084
2021-10-25 14:00:00,0.8420353164672851
2021-10-25 15:00:00,0.19861314868927
2021-10-25 16:00:00,0.6538976821899414
2021-10-25 17:00:00,1.9083179473876952
2021-10-25 18:00:00,2.9544145126342776
2021-10-25 19:00:00,3.7483767490386963
2021-10-25 20:00:00,4.38670378112793
2021-10-25 21:00:00,5.371662578582764
2021-10-25 22:00:00,6.511705547332763
2021-10-25 23:00:00,8.329228866577148
2021-10-26 00:00:00,12.339939750671387
2021-10-26 01:00:00,12.248768566131591
2021-10-26 02:00:00,12.071072875976563
2021-10-26 03:00:00,13.38081169128418
2021-10-26 04:00:00,16.56023587799072
2021-10-26 05:00:00,15.743926696777343
2021-10-26 06:00:00,12.590031707763671
2021-10-26 07:00:00,12.088811809539795
2021-10-26 08:00:00,8.390242780685425
2021-10-26 09:00:00,4.707846756935119
2021-10-26 10:00:00,2.4112257385253906
2021-10-26 11:00:00,1.8938804359436034
2021-10-26 12:00:00,1.9663296356201172
2021-10-26 13:00:00,1.7797080373764038
2021-10-26 14:00:00,1.1058245677947998
2021-10-26 15:00:00,0.6674126586914062
2021-10-26 16:00:00,0.6053988494873047
2021-10-26 17:00:00,1.7857282962799073
2021-10-26 18:00:00,2.907343475341797
2021-10-26 19:00:00,4.8254803276062015
2021-10-26 20:00:00,4.529272499084473
2021-10-26 21:00:00,6.693386653900146
2021-10-26 22:00:00,7.586052780151367
2021-10-26 23:00:00,8.287539215087891
2021-10-27 00:00:00,9.880263793945312
2021-10-27 01:00:00,10.649044616699218
2021-10-27 02:00:00,10.982211639404298
2021-10-27 03:00:00,11.582948699951173
2021-10-27 04:00:00,12.76879280090332
2021-10-27 05:00:00,12.115422561645508
2021-10-27 06:00:00,9.345658477783203
2021-10-27 07:00:00,7.832559345245361
2021-10-27 08:00:00,5.348036708831787
2021-10-27 09:00:00,3.221742431640625
2021-10-27 10:00:00,2.12963875579834
2021-10-27 11:00:00,1.497414810180664
2021-10-27 12:00:00,2.016022300720215
2021-10-27 13:00:00,2.409471992492676
2021-10-27 14:00:00,2.3773425245285034
2021-10-27 15:00:00,2.164517318725586
2021-10-27 16:00:00,2.574510259628296
2021-10-27 17:00:00,2.5742286908626557
2021-10-27 18:00:00,3.3599896042346957
2021-10-27 19:00:00,3.518628936767578
2021-10-27 20:00:00,4.556212335586547
2021-10-27 21:00:00,5.113729469299316
2021-10-27 22:00:00,5.222046417236328
2021-10-27 23:00:00,6.041771690368653
2021-10-28 00:00:00,6.813801055908203
2021-10-28 01:00:00,7.770411369323731
2021-10-28 02:00:00,7.79620560836792
2021-10-28 03:00:00,8.435442573547363
2021-10-28 04:00:00,8.59257032775879
2021-10-28 05:00:00,8.951228729248047
2021-10-28 06:00:00,6.467167959213256
2021-10-28 07:00:00,6.0052178039550785
2021-10-28 08:00:00,6.715462501525879
2021-10-28 09:00:00,6.50543844985962
2021-10-28 10:00:00,4.652784730911255
2021-10-28 11:00:00,3.8847783756256105
2021-10-28 12:00:00,3.9926008758544924
2021-10-28 13:00:00,4.214960975646973
2021-10-28 14:00:00,4.245829827785492
2021-10-28 15:00:00,4.197594623565674
2021-10-28 16:00:00,5.134575824737549
2021-10-28 17:00:00,5.686610728740693
2021-10-28 18:00:00,4.895531253814697
2021-10-28 19:00:00,5.670539009094238
2021-10-28 20:00:00,7.636565731048584
2021-10-28 21:00:00,9.934841430664061
2021-10-28 22:00:00,11.53435862159729
2021-10-28 23:00:00,12.988673385620118
2021-10-29 00:00:00,13.729021873474121
2021-10-29 01:00:00,14.269124053955078
2021-10-29 02:00:00,16.24097784423828
2021-10-29 03:00:00,17.81064405441284
2021-10-29 04:00:00,19.758116094589234
2021-10-29 05:00:00,21.883466888427733
2021-10-29 06:00:00,18.55193336582184
2021-10-29 07:00:00,19.489436153411866
2021-10-29 08:00:00,17.457028968811038
2021-10-29 09:00:00,11.25473397064209
2021-10-29 10:00:00,10.650607284545899
2021-10-29 11:00:00,7.687532737731933
2021-10-29 12:00:00,7.505579357147217
2021-10-29 13:00:00,9.077422183990478
2021-10-29 14:00:00,7.369350067138672
2021-10-29 15:00:00,7.455496932983398
2021-10-29 16:00:00,8.85561669921875
2021-10-29 17:00:00,10.239132385253907
2021-10-29 18:00:00,12.00446315765381
2021-10-29 19:00:00,15.167082778930665
2021-10-29 20:00:00,15.686778274536131
2021-10-29 21:00:00,16.237650993347167
2021-10-29 22:00:00,17.40080764770508
2021-10-29 23:00:00,20.863776611328127
2021-10-30 00:00:00,21.823845367431637
2021-10-30 01:00:00,22.28994488525391
2021-10-30 02:00:00,22.439068939208987
2021-10-30 03:00:00,22.987110443115235
2021-10-30 04:00:00,23.389896911621094
2021-10-30 05:00:00,23.17290399169922
2021-10-30 06:00:00,21.15148370361328
2021-10-30 07:00:00,19.974597900390627
2021-10-30 08:00:00,15.641789138793946
2021-10-30 09:00:00,10.004290802001954
2021-10-30 10:00:00,6.441039962768555
2021-10-30 11:00:00,5.6211203041076665
2021-10-30 12:00:00,3.6660713858604432
2021-10-30 13:00:00,4.373861663818359
2021-10-30 14:00:00,4.847079837799073
2021-10-30 15:00:00,4.382792991638183
2021-10-30 16:00:00,4.742545722961426
2021-10-30 17:00:00,6.616341270446778
2021-10-30 18:00:00,7.977606498718262
2021-10-30 19:00:00,9.775016983032227
2021-10-30 20:00:00,12.662098861694336
2021-10-30 21:00:00,15.172215759277345
2021-10-30 22:00:00,18.391477600097655
2021-10-30 23:00:00,19.201191589355467
2021-10-31 00:00:00,20.147503051757813
2021-10-31 01:00:00,20.277822799682617
2021-10-31 02:00:00,22.253832763671873
2021-10-31 03:00:00,22.61329064941406
2021-10-31 04:00:00,26.216817443847656
2021-10-31 05:00:00,27.555851989746095
2021-10-31 06:00:00,24.174349639892576
2021-10-31 07:00:00,28.889036392211914
2021-10-31 08:00:00,16.325722045898438
2021-10-31 09:00:00,8.598848129272461
2021-10-31 10:00:00,5.368629513740539
2021-10-31 11:00:00,4.607529726028442
2021-10-31 12:00:00,3.9326508102416993
2021-10-31 13:00:00,5.075196087837219
2021-10-31 14:00:00,4.090730236053467
2021-10-31 15:00:00,4.27424933719635
2021-10-31 16:00:00,4.248806575775147
2021-10-31 17:00:00,5.778578262329102
2021-10-31 18:00:00,8.288082572937011
2021-10-31 19:00:00,8.840767478942873
2021-10-31 20:00:00,11.142373596191405
2021-10-31 21:00:00,12.433275329589843
2021-10-31 22:00:00,13.399036209106445
2021-10-31 23:00:00,14.170444274902344
2021-11-01 00:00:00,14.077659881591796
2021-11-01 01:00:00,14.607575744628907
2021-11-01 02:00:00,15.156593200683595
2021-11-01 03:00:00,15.798220565795898
2021-11-01 04:00:00,15.823737716674804
2021-11-01 05:00:00,15.583083724975586
2021-11-01 06:00:00,11.893709289550781
2021-11-01 07:00:00,10.96607534790039
2021-11-01 08:00:00,10.751587921142578
2021-11-01 09:00:00,5.016970531463623
2021-11-01 10:00:00,5.565588687896728
2021-11-01 11:00:00,5.016771873474121
2021-11-01 12:00:00,5.809983999252319
2021-11-01 13:00:00,5.164437492370606
2021-11-01 14:00:00,5.0135548973083495
2021-11-01 15:00:00,5.793115394592285
2021-11-01 16:00:00,7.199405654907226
2021-11-01 17:00:00,8.252605331420899
2021-11-01 18:00:00,8.597739395141602
2021-11-01 19:00:00,9.469036560058594
2021-11-01 20:00:00,9.664036499023437
2021-11-01 21:00:00,10.111859184265136
2021-11-01 22:00:00,11.736921569824219
2021-11-01 23:00:00,14.095808135986328
2021-11-02 00:00:00,15.206765045166016
2021-11-02 01:00:00,17.11907900238037
2021-11-02 02:00:00,19.241170196533204
2021-11-02 03:00:00,20.168841659545897
2021-11-02 04:00:00,20.550380645751954
2021-11-02 05:00:00,20.251058410644532
2021-11-02 06:00:00,15.207579696655273
2021-11-02 07:00:00,16.147721420288086
2021-11-02 08:00:00,20.290880401611325
2021-11-02 09:00:00,24.196198822021486
2021-11-02 10:00:00,24.083961517333982
2021-11-02 11:00:00,19.084029907226565
2021-11-02 12:00:00,20.35332391357422
2021-11-02 13:00:00,22.637662872314454
2021-11-02 14:00:00,21.67258134460449
2021-11-02 15:00:00,19.375027633666992
2021-11-02 16:00:00,4.231246183395386
2021-11-02 17:00:00,26.822686462402345
2021-11-02 18:00:00,21.05223297119141
2021-11-02 19:00:00,16.35573907470703
2021-11-02 20:00:00,18.162372436523437
2021-11-02 21:00:00,17.42465661621094
2021-11-02 22:00:00,18.28353857421875
2021-11-02 23:00:00,19.54629443359375
2021-11-03 00:00:00,19.632777297973632
2021-11-03 01:00:00,19.865650177001953
2021-11-03 02:00:00,20.04049932861328
2021-11-03 03:00:00,21.38039859008789
2021-11-03 04:00:00,22.720700744628907
2021-11-03 05:00:00,20.01056427001953
2021-11-03 06:00:00,15.679745964050294
2021-11-03 07:00:00,15.405021850585937
2021-11-03 08:00:00,15.504020683288573
2021-11-03 09:00:00,13.052111373901367
2021-11-03 10:00:00,8.21178321838379
2021-11-03 11:00:00,6.784012252807617
2021-11-03 12:00:00,6.156095146179199
2021-11-03 13:00:00,4.757987060546875
2021-11-03 14:00:00,3.9279596061706545
2021-11-03 15:00:00,4.323489051818848
2021-11-03 16:00:00,4.597809312820434
2021-11-03 17:00:00,5.825366546630859
2021-11-03 18:00:00,7.4632472519874575
2021-11-03 19:00:00,8.136955368041992
2021-11-03 20:00:00,8.212730453491211
2021-11-03 21:00:00,11.267961776733397
2021-11-03 22:00:00,11.546109573364259
2021-11-03 23:00:00,13.197927612304689
2021-11-04 00:00:00,12.397667358398436
2021-11-04 01:00:00,11.929216575622558
2021-11-04 02:00:00,12.545931518554688
2021-11-04 03:00:00,12.290711013793945
2021-11-04 04:00:00,13.404975708007813
2021-11-04 05:00:00,13.190953399658204
2021-11-04 06:00:00,14.691095565795898
2021-11-04 07:00:00,13.104503593444825
2021-11-04 08:00:00,11.234159075737
2021-11-04 09:00:00,10.524510004043579
2021-11-04 10:00:00,6.8990061035156245
2021-11-04 11:00:00,6.688123558044433
2021-11-04 12:00:00,6.179400043487549
2021-11-04 13:00:00,6.888597694396973
2021-11-04 14:00:00,7.10693309020996
2021-11-04 15:00:00,7.197676193237305
2021-11-04 16:00:00,8.39169627380371
2021-11-04 17:00:00,9.471452041625977
2021-11-04 18:00:00,14.859237915039063
2021-11-04 19:00:00,16.464176498413085
2021-11-04 20:00:00,17.74368460083008
2021-11-04 21:00:00,17.230742378234865
2021-11-04 22:00:00,18.15132369995117
2021-11-04 23:00:00,20.854007568359375
2021-11-05 00:00:00,22.73038946533203
2021-11-05 01:00:00,23.352047790527344
2021-11-05 02:00:00,23.826766174316404
2021-11-05 03:00:00,29.552537954330443
2021-11-05 04:00:00,27.43501348876953
2021-11-05 05:00:00,25.052591186523436
2021-11-05 06:00:00,25.111418395996093
2021-11-05 07:00:00,21.815010147094725
2021-11-05 08:00:00,21.057314025878906
2021-11-05 09:00:00,11.308820137023925
2021-11-05 10:00:00,10.229043914794921
2021-11-05 11:00:00,10.66213117980957
2021-11-05 12:00:00,10.435494875907898
2021-11-05 13:00:00,9.721423604488372
2021-11-05 14:00:00,8.332583671569825
2021-11-05 15:00:00,10.609568912506102
2021-11-05 16:00:00,11.530529739379883
2021-11-05 17:00:00,11.629007568359375
2021-11-05 18:00:00,12.14843571472168
2021-11-05 19:00:00,13.938710891723632
2021-11-05 20:00:00,15.454479125976562
2021-11-05 21:00:00,19.300967620849608
2021-11-05 22:00:00,20.45003012084961
2021-11-05 23:00:00,21.70049563598633
2021-11-06 00:00:00,24.341614501953124
2021-11-06 01:00:00,29.682348693847658
2021-11-06 02:00:00,30.706209655761718
2021-11-06 03:00:00,32.890404510498044
2021-11-06 04:00:00,33.01439660644531
2021-11-06 05:00:00,33.944262756347655
2021-11-06 06:00:00,33.11352392578125
2021-11-06 07:00:00,30.814029052734377
2021-11-06 08:00:00,25.544996276855468
2021-11-06 09:00:00,14.418415542602538
2021-11-06 10:00:00,8.570337280273439
2021-11-06 11:00:00,5.685437168121338
2021-11-06 12:00:00,3.441939117431641
2021-11-06 13:00:00,2.3693595175743103
2021-11-06 14:00:00,2.0727765045166016
2021-11-06 15:00:00,2.892581142425537
2021-11-06 16:00:00,3.6158452644348147
2021-11-06 17:00:00,4.660419303894043
2021-11-06 18:00:00,7.59574910736084
2021-11-06 19:00:00,8.297581009864807
2021-11-06 20:00:00,8.774416227340698
2021-11-06 21:00:00,12.688846809387208
2021-11-06 22:00:00,16.298996368408204
2021-11-06 23:00:00,18.683957763671877
2021-11-07 00:00:00,18.305909698486328
2021-11-07 01:00:00,23.785266540527346
2021-11-07 02:00:00,24.219187744140626
2021-11-07 03:00:00,22.0666064453125
2021-11-07 04:00:00,19.899786193847657
2021-11-07 05:00:00,21.005986724853514
2021-11-07 06:00:00,17.632690383911132
2021-11-07 07:00:00,16.533981719970704
2021-11-07 08:00:00,16.73810890197754
2021-11-07 09:00:00,14.642585037231445
2021-11-07 10:00:00,9.874048757553101
2021-11-07 11:00:00,8.00793324279785
2021-11-07 12:00:00,9.303226043701173
2021-11-07 13:00:00,6.550981986045837
2021-11-07 14:00:00,4.297711112976074
2021-11-07 15:00:00,3.2815311584472657
2021-11-07 16:00:00,4.530389213562012
2021-11-07 17:00:00,7.5900615768432615
2021-11-07 18:00:00,13.62736636352539
2021-11-07 19:00:00,14.31360214996338
2021-11-07 20:00:00,15.419163312911987
2021-11-07 21:00:00,18.490967224121093
2021-11-07 22:00:00,24.031901107788087
2021-11-07 23:00:00,26.986619201660154
2021-11-08 00:00:00,31.26921569824219
2021-11-08 01:00:00,34.2150771484375
2021-11-08 02:00:00,32.829517211914066
2021-11-08 03:00:00,35.24442297363281
2021-11-08 04:00:00,37.94832775878906
2021-11-08 05:00:00,35.96765112304688
2021-11-08 06:00:00,32.48917663574218
2021-11-08 07:00:00,34.03286645507812
2021-11-08 08:00:00,32.59904751586914
2021-11-08 09:00:00,19.876685668945314
2021-11-08 10:00:00,13.355666122436524
2021-11-08 11:00:00,7.528989330291749
2021-11-08 12:00:00,4.2051231884956355
2021-11-08 13:00:00,3.950590270996094
2021-11-08 14:00:00,3.186756546020508
2021-11-08 15:00:00,2.274424091339111
2021-11-08 16:00:00,4.591649272918701
2021-11-08 17:00:00,7.503999969482422
2021-11-08 18:00:00,12.35712124633789
2021-11-08 19:00:00,12.485188222885132
2021-11-08 20:00:00,16.397275604248048
2021-11-08 21:00:00,18.058430297851565
2021-11-08 22:00:00,20.17727551269531
2021-11-08 23:00:00,25.79009700012207
2021-11-09 00:00:00,27.118648681640625
2021-11-09 01:00:00,30.242904998779295
2021-11-09 02:00:00,31.204371215820313
2021-11-09 03:00:00,33.475684875488284
2021-11-09 04:00:00,35.91325360107422
2021-11-09 05:00:00,35.54721713256836
2021-11-09 06:00:00,32.88925982666016
2021-11-09 07:00:00,30.43460821533203
2021-11-09 08:00:00,30.75868914794922
2021-11-09 09:00:00,20.493326568603514
2021-11-09 10:00:00,13.817030471801758
2021-11-09 11:00:00,10.077036254882813
2021-11-09 12:00:00,7.686946517944336
2021-11-09 13:00:00,6.0194019699096675
2021-11-09 14:00:00,5.7448045349121095
2021-11-09 15:00:00,5.3448598785400385
2021-11-09 16:00:00,6.404851806640625
2021-11-09 17:00:00,8.188136884689332
2021-11-09 18:00:00,9.464018920898438
2021-11-09 19:00:00,9.818068614959717
2021-11-09 20:00:00,12.252048000335693
2021-11-09 21:00:00,16.75234893798828
2021-11-09 22:00:00,19.569944946289063
2021-11-09 23:00:00,20.759965087890627
2021-11-10 00:00:00,28.195308319091797
2021-11-10 01:00:00,30.597985412597655
2021-11-10 02:00:00,29.43374151611328
2021-11-10 03:00:00,32.15367376708984
2021-11-10 04:00:00,29.948751556396484
2021-11-10 05:00:00,31.778123657226566
2021-11-10 06:00:00,29.520147827148435
2021-11-10 07:00:00,29.266888977050783
2021-11-10 08:00:00,25.581939659118653
2021-11-10 09:00:00,18.552640350341797
2021-11-10 10:00:00,12.32347412109375
2021-11-10 11:00:00,10.184991382598877
2021-11-10 12:00:00,6.072041870117188
2021-11-10 13:00:00,4.901194343566894
2021-11-10 14:00:00,5.030991416931152
2021-11-10 15:00:00,4.9052705783844
2021-11-10 16:00:00,5.742210666656494
2021-11-10 17:00:00,7.722843788146973
2021-11-10 18:00:00,10.548934265136719
2021-11-10 19:00:00,14.521189483642578
2021-11-10 20:00:00,17.218059814453127
2021-11-10 21:00:00,19.452736267089843
2021-11-10 22:00:00,20.921278106689453
2021-11-10 23:00:00,23.394647552490234
2021-11-11 00:00:00,28.99535760498047
2021-11-11 01:00:00,27.03224688720703
2021-11-11 02:00:00,30.08633560180664
2021-11-11 03:00:00,29.80941851806641
2021-11-11 04:00:00,34.862732910156254
2021-11-11 05:00:00,36.71910327148437
2021-11-11 06:00:00,27.65825302886963
2021-11-11 07:00:00,30.804603271484375
2021-11-11 08:00:00,27.46153112792969
2021-11-11 09:00:00,18.19364193725586
2021-11-11 10:00:00,13.08273671722412
2021-11-11 11:00:00,10.118878613948823
2021-11-11 12:00:00,6.6484969558715825
2021-11-11 13:00:00,5.321987117767334
2021-11-11 14:00:00,4.868998249053956
2021-11-11 15:00:00,3.7590077056884765
2021-11-11 16:00:00,4.806662338256836
2021-11-11 17:00:00,8.864438095092773
2021-11-11 18:00:00,10.987304512023925
2021-11-11 19:00:00,15.111781967163086
2021-11-11 20:00:00,15.966073272705078
2021-11-11 21:00:00,16.449915435791016
2021-11-11 22:00:00,21.11918423461914
2021-11-11 23:00:00,24.15263278198242
2021-11-12 00:00:00,25.196334106445313
2021-11-12 01:00:00,29.69789547729492
2021-11-12 02:00:00,33.35468450927735
2021-11-12 03:00:00,32.89517846679688
2021-11-12 04:00:00,35.31280877685547
2021-11-12 05:00:00,34.76174700927734
2021-11-12 06:00:00,31.6432919921875
2021-11-12 07:00:00,30.889092102050782
2021-11-12 08:00:00,25.81358242034912
2021-11-12 09:00:00,16.950359924316405
2021-11-12 10:00:00,11.270323913574218
2021-11-12 11:00:00,8.35128359913826
2021-11-12 12:00:00,5.969990524291992
2021-11-12 13:00:00,5.0065543060302735
2021-11-12 14:00:00,3.6521153869628904
2021-11-12 15:00:00,3.992591369628906
2021-11-12 16:00:00,5.490999811172485
2021-11-12 17:00:00,6.5002463302612306
2021-11-12 18:00:00,9.618738883972167
2021-11-12 19:00:00,14.847391448974609
2021-11-12 20:00:00,14.593213302612305
2021-11-12 21:00:00,17.48950631713867
2021-11-12 22:00:00,22.872483917236327
2021-11-12 23:00:00,22.266471923828124
2021-11-13 00:00:00,26.714591125488283
2021-11-13 01:00:00,29.677695709228516
2021-11-13 02:00:00,31.881389587402346
2021-11-13 03:00:00,30.44117724609375
2021-11-13 04:00:00,35.74225793457031
2021-11-13 05:00:00,32.674032287597655
2021-11-13 06:00:00,32.18169476318359
2021-11-13 07:00:00,31.05440637207031
2021-11-13 08:00:00,29.96825146484375
2021-11-13 09:00:00,18.318225112915037
2021-11-13 10:00:00,11.227748107910156
2021-11-13 11:00:00,9.583508987426757
2021-11-13 12:00:00,7.2090509948730475
2021-11-13 13:00:00,6.32216259765625
2021-11-13 14:00:00,5.071802448272705
2021-11-13 15:00:00,5.840406675815583
2021-11-13 16:00:00,6.417528915405273
2021-11-13 17:00:00,8.324673904418946
2021-11-13 18:00:00,10.527287521362304
2021-11-13 19:00:00,10.567289321899414
2021-11-13 20:00:00,13.765832901000977
2021-11-13 21:00:00,15.750149223327636
2021-11-13 22:00:00,19.45695541381836
2021-11-13 23:00:00,21.510871963500975
2021-11-14 00:00:00,27.19902571105957
2021-11-14 01:00:00,30.25856901550293
2021-11-14 02:00:00,28.24029187011719
2021-11-14 03:00:00,30.805575881958006
2021-11-14 04:00:00,35.603520507812505
2021-11-14 05:00:00,33.08329052734375
2021-11-14 06:00:00,31.036614135742187
2021-11-14 07:00:00,31.81248114013672
2021-11-14 08:00:00,30.66866223144531
2021-11-14 09:00:00,17.552153015136717
2021-11-14 10:00:00,11.081984085083008
2021-11-14 11:00:00,9.799902130126952
2021-11-14 12:00:00,8.129462759017944
2021-11-14 13:00:00,6.624741180419922
2021-11-14 14:00:00,6.23729207611084
2021-11-14 15:00:00,5.620164932250976
2021-11-14 16:00:00,6.376176704406738
2021-11-14 17:00:00,8.07957297515869
2021-11-14 18:00:00,9.860368614196776
2021-11-14 19:00:00,12.205563529968261
2021-11-14 20:00:00,14.046743794441223
2021-11-14 21:00:00,18.25554379272461
2021-11-14 22:00:00,21.990092166900634
2021-11-14 23:00:00,20.799534895420074
2021-11-15 00:00:00,21.900387756347655
2021-11-15 01:00:00,24.892705474853514
2021-11-15 02:00:00,26.90023046875
2021-11-15 03:00:00,30.715277282714844
2021-11-15 04:00:00,33.507333007812505
2021-11-15 05:00:00,34.74033447265625
2021-11-15 06:00:00,28.217121948242188
2021-11-15 07:00:00,27.52317413330078
2021-11-15 08:00:00,28.331663848876953
2021-11-15 09:00:00,13.784912979125977
2021-11-15 10:00:00,9.991210918426514
2021-11-15 11:00:00,6.384348941802978
2021-11-15 12:00:00,5.488130821228028
2021-11-15 13:00:00,5.4826636304855345
2021-11-15 14:00:00,4.4354537429809575
2021-11-15 15:00:00,4.856686046600342
2021-11-15 16:00:00,7.75371437072754
2021-11-15 17:00:00,9.680659294128418
2021-11-15 18:00:00,12.062350308418274
2021-11-15 19:00:00,12.562004043579101
2021-11-15 20:00:00,15.126928604125977
2021-11-15 21:00:00,17.450102302551272
2021-11-15 22:00:00,24.647082244873047
2021-11-15 23:00:00,30.721345947265625
2021-11-16 00:00:00,35.07548510742187
2021-11-16 01:00:00,38.800052062988286
2021-11-16 02:00:00,39.54299243164063
2021-11-16 03:00:00,39.56669091796875
2021-11-16 04:00:00,38.66873217773437
2021-11-16 05:00:00,38.239199462890625
2021-11-16 06:00:00,35.41802587890625
2021-11-16 07:00:00,36.085857055664064
2021-11-16 08:00:00,34.35827783203125
2021-11-16 09:00:00,26.85914044189453
2021-11-16 10:00:00,23.852542236328127
2021-11-16 11:00:00,21.019655426025388
2021-11-16 12:00:00,18.664536407470706
2021-11-16 13:00:00,16.427918258666992
2021-11-16 14:00:00,14.381478652954101
2021-11-16 15:00:00,14.71477163696289
2021-11-16 16:00:00,15.826057968139647
2021-11-16 17:00:00,18.194112091064454
2021-11-16 18:00:00,19.850875228881836
2021-11-16 19:00:00,24.42123892211914
2021-11-16 20:00:00,26.64272817993164
2021-11-16 21:00:00,27.929233215332033
2021-11-16 22:00:00,27.216900939941404
2021-11-16 23:00:00,27.919224655151368
2021-11-17 00:00:00,28.81040802001953
2021-11-17 01:00:00,29.708299133300784
2021-11-17 02:00:00,31.08857684326172
2021-11-17 03:00:00,31.030198913574218
2021-11-17 04:00:00,30.976492614746093
2021-11-17 05:00:00,31.155126342773436
2021-11-17 06:00:00,26.125981140136716
2021-11-17 07:00:00,26.901322326660157
2021-11-17 08:00:00,25.037409606933593
2021-11-17 09:00:00,13.725993041992187
2021-11-17 10:00:00,9.515197075843812
2021-11-17 11:00:00,7.953068467140198
2021-11-17 12:00:00,6.570478534698486
2021-11-17 13:00:00,7.032433151245117
2021-11-17 14:00:00,7.152772804260254
2021-11-17 15:00:00,7.3731703948974605
2021-11-17 16:00:00,9.286399154663087
2021-11-17 17:00:00,10.760861190795898
2021-11-17 18:00:00,14.200937408447267
2021-11-17 19:00:00,17.225458185195926
2021-11-17 20:00:00,20.312373657226566
2021-11-17 21:00:00,23.302484409332273
2021-11-17 22:00:00,24.95211895751953
2021-11-17 23:00:00,26.88994598388672
2021-11-18 00:00:00,28.154386291503904
2021-11-18 01:00:00,29.457200759887694
2021-11-18 02:00:00,30.81322376251221
2021-11-18 03:00:00,30.640231201171876
2021-11-18 04:00:00,30.601302124023437
2021-11-18 05:00:00,31.262526611328127
2021-11-18 06:00:00,26.301265136718747
2021-11-18 07:00:00,27.304081176757812
2021-11-18 08:00:00,27.53396337890625
2021-11-18 09:00:00,16.719570770263672
2021-11-18 10:00:00,11.833558944702148
2021-11-18 11:00:00,8.900656356811524
2021-11-18 12:00:00,7.765130771636963
2021-11-18 13:00:00,6.608579330444336
2021-11-18 14:00:00,4.829272689819335
2021-11-18 15:00:00,5.757530467987061
2021-11-18 16:00:00,8.375869110107422
2021-11-18 17:00:00,11.503349151611328
2021-11-18 18:00:00,14.360076030731202
2021-11-18 19:00:00,16.534258834838866
2021-11-18 20:00:00,19.405393096923827
2021-11-18 21:00:00,21.669787994384762
2021-11-18 22:00:00,23.86667847442627
2021-11-18 23:00:00,26.433257049560545
2021-11-19 00:00:00,28.38294998168945
2021-11-19 01:00:00,29.98181414794922
2021-11-19 02:00:00,31.3005818939209
2021-11-19 03:00:00,31.242427642822264
2021-11-19 04:00:00,31.079032958984374
2021-11-19 05:00:00,31.671579650878904
2021-11-19 06:00:00,27.427913452148438
2021-11-19 07:00:00,27.64340606689453
2021-11-19 08:00:00,28.389677551269532
2021-11-19 09:00:00,14.737715068817138
2021-11-19 10:00:00,11.147347396850586
2021-11-19 11:00:00,9.680745864868165
2021-11-19 12:00:00,7.789099899291992
2021-11-19 13:00:00,7.170715408325195
2021-11-19 14:00:00,7.024992630004883
2021-11-19 15:00:00,6.273885231018067
2021-11-19 16:00:00,9.840640975952148
2021-11-19 17:00:00,10.8524857711792
2021-11-19 18:00:00,12.652235809326172
2021-11-19 19:00:00,15.898624137878418
2021-11-19 20:00:00,19.680254455566406
2021-11-19 21:00:00,23.064905696868898
2021-11-19 22:00:00,27.115180267333983
2021-11-19 23:00:00,29.973389892578126
2021-11-20 00:00:00,31.681101501464845
2021-11-20 01:00:00,32.86468560791016
2021-11-20 02:00:00,33.31650799560547
2021-11-20 03:00:00,32.882210571289065
2021-11-20 04:00:00,32.54209197998047
2021-11-20 05:00:00,32.393987396240234
2021-11-20 06:00:00,28.39685400390625
2021-11-20 07:00:00,29.423983825683592
2021-11-20 08:00:00,26.357770324707033
2021-11-20 09:00:00,19.654018924713135
2021-11-20 10:00:00,16.355747344970702
2021-11-20 11:00:00,13.727459609985353
2021-11-20 12:00:00,10.704276618957518
2021-11-20 13:00:00,9.300175643920898
2021-11-20 14:00:00,9.770701164245605
2021-11-20 15:00:00,9.904515365600586
2021-11-20 16:00:00,11.098840698242189
2021-11-20 17:00:00,12.596446186065673
2021-11-20 18:00:00,16.308538375854493
2021-11-20 19:00:00,18.394552444458007
2021-11-20 20:00:00,23.81067805480957
2021-11-20 21:00:00,25.94582684326172
2021-11-20 22:00:00,29.67505478668213
2021-11-20 23:00:00,32.317137817382815
2021-11-21 00:00:00,33.818619018554685
2021-11-21 01:00:00,34.5645514831543
2021-11-21 02:00:00,34.8210654296875
2021-11-21 03:00:00,34.37952392578125
2021-11-21 04:00:00,33.92089099121094
2021-11-21 05:00:00,33.194502807617184
2021-11-21 06:00:00,30.378684158325193
2021-11-21 07:00:00,30.193665649414065
2021-11-21 08:00:00,28.086140197753906
2021-11-21 09:00:00,23.478376708984378
2021-11-21 10:00:00,19.210620407104493
2021-11-21 11:00:00,16.160705520629882
2021-11-21 12:00:00,12.234412307739259
2021-11-21 13:00:00,11.496917228698731
2021-11-21 14:00:00,11.262302505493164
2021-11-21 15:00:00,10.90295813369751
2021-11-21 16:00:00,11.704980438232422
2021-11-21 17:00:00,14.32619778442383
2021-11-21 18:00:00,17.132647201538084
2021-11-21 19:00:00,20.51240686035156
2021-11-21 20:00:00,25.344662467956542
2021-11-21 21:00:00,30.670670471191407
2021-11-21 22:00:00,36.98915612792969
2021-11-21 23:00:00,43.22747473144531
2021-11-22 00:00:00,46.09290832519531
2021-11-22 01:00:00,48.021002563476564
2021-11-22 02:00:00,48.614984008789065
2021-11-22 03:00:00,48.506905029296874
2021-11-22 04:00:00,48.89269128417969
2021-11-22 05:00:00,49.17956225585938
2021-11-22 06:00:00,45.128243041992185
2021-11-22 07:00:00,45.334759765625
2021-11-22 08:00:00,42.00448352050782
2021-11-22 09:00:00,33.04565240478516
2021-11-22 10:00:00,28.441005432128904
2021-11-22 11:00:00,22.51715264892578
2021-11-22 12:00:00,19.48594704055786
2021-11-22 13:00:00,18.364974426269534
2021-11-22 14:00:00,17.597205795288083
2021-11-22 15:00:00,17.991838912963864
2021-11-22 16:00:00,23.324467010498047
2021-11-22 17:00:00,25.059200958251953
2021-11-22 18:00:00,25.7071728515625
2021-11-22 19:00:00,28.515794189453125
2021-11-22 20:00:00,30.480221862792966
2021-11-22 21:00:00,30.132003784179688
2021-11-22 22:00:00,30.812991638183593
2021-11-22 23:00:00,31.28043609619141
2021-11-23 00:00:00,31.64086248779297
2021-11-23 01:00:00,32.18043817138672
2021-11-23 02:00:00,33.460975341796875
2021-11-23 03:00:00,33.34025891113281
2021-11-23 04:00:00,33.54972119140625
2021-11-23 05:00:00,32.98769445800781
2021-11-23 06:00:00,28.41337860107422
2021-11-23 07:00:00,29.120377197265626
2021-11-23 08:00:00,27.17959844970703
2021-11-23 09:00:00,23.89804357910156
2021-11-23 10:00:00,22.154749511718748
2021-11-23 11:00:00,16.229492469787598
2021-11-23 12:00:00,14.24020883178711
2021-11-23 13:00:00,13.082792999267578
2021-11-23 14:00:00,13.092977478027343
2021-11-23 15:00:00,12.625840881347656
2021-11-23 16:00:00,13.090448287963866
2021-11-23 17:00:00,15.733057662963867
2021-11-23 18:00:00,17.618684036254884
2021-11-23 19:00:00,16.72670086669922
2021-11-23 20:00:00,18.42646044921875
2021-11-23 21:00:00,21.06969256591797
2021-11-23 22:00:00,25.996703186035155
2021-11-23 23:00:00,24.92520623779297
2021-11-24 00:00:00,25.625179809570312
2021-11-24 01:00:00,30.035477630615233
2021-11-24 02:00:00,31.78566687011719
2021-11-24 03:00:00,32.56735760498047
2021-11-24 04:00:00,34.835404418945316
2021-11-24 05:00:00,34.868473754882814
2021-11-24 06:00:00,28.46844500732422
2021-11-24 07:00:00,29.125356445312498
2021-11-24 08:00:00,27.480675720214844
2021-11-24 09:00:00,16.637644271850583
2021-11-24 10:00:00,11.411941711425783
2021-11-24 11:00:00,9.972031364440918
2021-11-24 12:00:00,7.916091606140137
2021-11-24 13:00:00,7.323318923950195
2021-11-24 14:00:00,7.718910507202148
2021-11-24 15:00:00,7.17605256652832
2021-11-24 16:00:00,8.471442749023439
2021-11-24 17:00:00,10.209227294921874
2021-11-24 18:00:00,11.621163570404054
2021-11-24 19:00:00,12.795740692138672
2021-11-24 20:00:00,13.645343830108642
2021-11-24 21:00:00,16.23902663421631
2021-11-24 22:00:00,17.89635448074341
2021-11-24 23:00:00,20.406411926269534
2021-11-25 00:00:00,22.627578338623046
2021-11-25 01:00:00,20.47851803588867
2021-11-25 02:00:00,21.83200744628906
2021-11-25 03:00:00,24.900228515625003
2021-11-25 04:00:00,26.750034301757815
2021-11-25 05:00:00,26.950972106933595
2021-11-25 06:00:00,22.95508251953125
2021-11-25 07:00:00,23.01157598876953
2021-11-25 08:00:00,20.27671868133545
2021-11-25 09:00:00,15.710646156311036
2021-11-25 10:00:00,12.580021614074706
2021-11-25 11:00:00,13.046852745056153
2021-11-25 12:00:00,9.628990779876709
2021-11-25 13:00:00,9.180394884347916
2021-11-25 14:00:00,9.424919345855713
2021-11-25 15:00:00,11.161114837646483
2021-11-25 16:00:00,16.063728668212892
2021-11-25 17:00:00,16.27418637228012
2021-11-25 18:00:00,17.053617919921876
2021-11-25 19:00:00,17.903917083740232
2021-11-25 20:00:00,19.043431549072267
2021-11-25 21:00:00,20.77072219848633
2021-11-25 22:00:00,22.223248291015622
2021-11-25 23:00:00,23.94518380737305
2021-11-26 00:00:00,24.070736511230468
2021-11-26 01:00:00,24.09257189941406
2021-11-26 02:00:00,24.728628814697267
2021-11-26 03:00:00,24.868796356201173
2021-11-26 04:00:00,22.744144836425782
2021-11-26 05:00:00,26.06472326660156
2021-11-26 06:00:00,26.765887329101563
2021-11-26 07:00:00,26.92422674560547
2021-11-26 08:00:00,23.183927368164063
2021-11-26 09:00:00,16.54702812567353
2021-11-26 10:00:00,13.147768524169923
2021-11-26 11:00:00,11.750239212036131
2021-11-26 12:00:00,12.010856597900391
2021-11-26 13:00:00,12.780386192321778
2021-11-26 14:00:00,12.877248306274414
2021-11-26 15:00:00,12.928336868286133
2021-11-26 16:00:00,13.308095363616943
2021-11-26 17:00:00,15.310189025878906
2021-11-26 18:00:00,16.595287033081057
2021-11-26 19:00:00,20.54031652832031
2021-11-26 20:00:00,26.590535949707032
2021-11-26 21:00:00,25.707997985839842
2021-11-26 22:00:00,21.88125079345703
2021-11-26 23:00:00,26.067762573242188
2021-11-27 00:00:00,31.83554020690918
2021-11-27 01:00:00,32.12835919189453
2021-11-27 02:00:00,32.610557922363284
2021-11-27 03:00:00,27.413017944335937
2021-11-27 04:00:00,27.586393371582034
2021-11-27 05:00:00,30.800557922363282
2021-11-27 06:00:00,32.607996154785155
2021-11-27 07:00:00,31.856765563964842
2021-11-27 08:00:00,29.587475402832034
2021-11-27 09:00:00,24.80230776977539
2021-11-27 10:00:00,24.49183154296875
2021-11-27 11:00:00,22.68009884643555
2021-11-27 12:00:00,21.287642822265624
2021-11-27 13:00:00,21.165035858154297
2021-11-27 14:00:00,19.019226470947267
2021-11-27 15:00:00,17.883956298828124
2021-11-27 16:00:00,21.524214965820313
2021-11-27 17:00:00,23.21662121582031
2021-11-27 18:00:00,24.08272689819336
2021-11-27 19:00:00,25.37156085205078
2021-11-27 20:00:00,27.287743225097657
2021-11-27 21:00:00,27.92896954345703
2021-11-27 22:00:00,31.207400939941408
2021-11-27 23:00:00,33.33441345214844
2021-11-28 00:00:00,34.02282806396484
2021-11-28 01:00:00,36.87435815429687
2021-11-28 02:00:00,37.701829284667966
2021-11-28 03:00:00,39.402749389648434
2021-11-28 04:00:00,40.682773681640626
2021-11-28 05:00:00,39.42186773681641
2021-11-28 06:00:00,36.46879235839844
2021-11-28 07:00:00,35.54746704101562
2021-11-28 08:00:00,31.206361877441406
2021-11-28 09:00:00,23.96250946044922
2021-11-28 10:00:00,18.69884585571289
2021-11-28 11:00:00,17.319707565307617
2021-11-28 12:00:00,17.11701834106445
2021-11-28 13:00:00,14.71598771429062
2021-11-28 14:00:00,14.131331645965577
2021-11-28 15:00:00,15.393613830566405
2021-11-28 16:00:00,16.93348179626465
2021-11-28 17:00:00,19.48755062866211
2021-11-28 18:00:00,21.424644348144533
2021-11-28 19:00:00,23.856490081787108
2021-11-28 20:00:00,28.65709991455078
2021-11-28 21:00:00,28.1609825592041
2021-11-28 22:00:00,32.34025604248047
2021-11-28 23:00:00,32.84941339111328
2021-11-29 00:00:00,34.895596008300785
2021-11-29 01:00:00,33.663047912597655
2021-11-29 02:00:00,35.23065148925781
2021-11-29 03:00:00,34.35382482910156
2021-11-29 04:00:00,34.552992614746096
2021-11-29 05:00:00,35.98301037597656
2021-11-29 06:00:00,32.05575964355469
2021-11-29 07:00:00,30.243775268554685
2021-11-29 08:00:00,27.027742309570314
2021-11-29 09:00:00,20.998430152893064
2021-11-29 10:00:00,17.367544006347657
2021-11-29 11:00:00,14.381256214141846
2021-11-29 12:00:00,15.199169128417969
2021-11-29 13:00:00,14.270650215148926
2021-11-29 14:00:00,11.852152961730956
2021-11-29 15:00:00,13.481488189697266
2021-11-29 16:00:00,16.6635048828125
2021-11-29 17:00:00,20.87369256591797
2021-11-29 18:00:00,21.88522625732422
2021-11-29 19:00:00,24.924327392578125
2021-11-29 20:00:00,28.00482974243164
2021-11-29 21:00:00,27.419584350585936
2021-11-29 22:00:00,31.000694030761718
2021-11-29 23:00:00,32.68051062011719
2021-11-30 00:00:00,37.78692443847656
2021-11-30 01:00:00,38.956840270996096
2021-11-30 02:00:00,40.53497863769532
2021-11-30 03:00:00,39.645024230957034
2021-11-30 04:00:00,41.57591094970704
2021-11-30 05:00:00,42.84264270019531
2021-11-30 06:00:00,39.444353637695315
2021-11-30 07:00:00,38.57485430908203
2021-11-30 08:00:00,38.84989440917968
2021-11-30 09:00:00,28.233031372070315
2021-11-30 10:00:00,25.087894073486325
2021-11-30 11:00:00,20.950450576782224
2021-11-30 12:00:00,18.11805608844757
2021-11-30 13:00:00,18.052189178466797
2021-11-30 14:00:00,15.812652847290039
2021-11-30 15:00:00,14.374561340332031
2021-11-30 16:00:00,15.977063385009766
2021-11-30 17:00:00,18.626437744140624
2021-11-30 18:00:00,20.283059844970705
2021-11-30 19:00:00,24.22894451904297
2021-11-30 20:00:00,26.17980548095703
2021-11-30 21:00:00,28.012717163085938
2021-11-30 22:00:00,27.797667236328124
2021-11-30 23:00:00,28.282784362792967
2021-12-01 00:00:00,27.863124938964845
2021-12-01 01:00:00,27.905735473632813
2021-12-01 02:00:00,29.18234503173828
2021-12-01 03:00:00,30.126493164062502
2021-12-01 04:00:00,30.66853759765625
2021-12-01 05:00:00,30.427899169921876
2021-12-01 06:00:00,27.194407226562497
2021-12-01 07:00:00,27.027527770996095
2021-12-01 08:00:00,24.587181579589846
2021-12-01 09:00:00,18.715513427734372
2021-12-01 10:00:00,14.556602705001831
2021-12-01 11:00:00,15.115273173332215
2021-12-01 12:00:00,14.080585069656372
2021-12-01 13:00:00,12.182460247039796
2021-12-01 14:00:00,13.599450706481933
2021-12-01 15:00:00,16.40264323425293
2021-12-01 16:00:00,18.893181549072267
2021-12-01 17:00:00,20.567014343261718
2021-12-01 18:00:00,24.422465209960937
2021-12-01 19:00:00,27.65194970703125
2021-12-01 20:00:00,29.18154089355469
2021-12-01 21:00:00,31.538261779785156
2021-12-01 22:00:00,34.49247686767578
2021-12-01 23:00:00,35.0282568359375
2021-12-02 00:00:00,37.4257744140625
2021-12-02 01:00:00,39.985794921875
2021-12-02 02:00:00,40.279898681640624
2021-12-02 03:00:00,40.27566687011719
2021-12-02 04:00:00,40.66619885253907
2021-12-02 05:00:00,40.66280645751953
2021-12-02 06:00:00,36.82902038574219
2021-12-02 07:00:00,37.6559140625
2021-12-02 08:00:00,33.82735992431641
2021-12-02 09:00:00,24.036667236328125
2021-12-02 10:00:00,18.84965838623047
2021-12-02 11:00:00,18.151187561035158
2021-12-02 12:00:00,15.831337156295776
2021-12-02 13:00:00,14.119192626953126
2021-12-02 14:00:00,12.643978385925294
2021-12-02 15:00:00,11.559957847595214
2021-12-02 16:00:00,15.556433532714845
2021-12-02 17:00:00,17.357581039428712
2021-12-02 18:00:00,21.983800949096683
2021-12-02 19:00:00,23.10215618896484
2021-12-02 20:00:00,29.07848370361328
2021-12-02 21:00:00,30.687023803710936
2021-12-02 22:00:00,33.42251580810547
2021-12-02 23:00:00,36.913922729492185
2021-12-03 00:00:00,37.230702941894535
2021-12-03 01:00:00,40.90409210205078
2021-12-03 02:00:00,40.18603491210938
2021-12-03 03:00:00,40.10691345214843
2021-12-03 04:00:00,41.38037524414062
2021-12-03 05:00:00,43.8124658203125
2021-12-03 06:00:00,40.39645227050781
2021-12-03 07:00:00,36.77403601074219
2021-12-03 08:00:00,34.845898742675786
2021-12-03 09:00:00,27.210127868652343
2021-12-03 10:00:00,21.16372296142578
2021-12-03 11:00:00,18.898320190429686
2021-12-03 12:00:00,15.117234924316406
2021-12-03 13:00:00,13.963533851623534
2021-12-03 14:00:00,12.549828392028807
2021-12-03 15:00:00,14.250105300903321
2021-12-03 16:00:00,15.9633165435791
2021-12-03 17:00:00,20.579147186279297
2021-12-03 18:00:00,22.491958404541016
2021-12-03 19:00:00,27.55699230957031
2021-12-03 20:00:00,28.1593017578125
2021-12-03 21:00:00,30.2036142578125
2021-12-03 22:00:00,33.751245788574224
2021-12-03 23:00:00,38.01263189697266
2021-12-04 00:00:00,37.501306396484374
2021-12-04 01:00:00,37.86338342285156
2021-12-04 02:00:00,36.61260388183594
2021-12-04 03:00:00,36.73277917480469
2021-12-04 04:00:00,35.227734375
2021-12-04 05:00:00,30.85031384277344
2021-12-04 06:00:00,27.795800231933594
2021-12-04 07:00:00,29.612478271484378
2021-12-04 08:00:00,27.656270874023438
2021-12-04 09:00:00,22.848883361816405
2021-12-04 10:00:00,23.019035705566406
2021-12-04 11:00:00,21.782467224121092
2021-12-04 12:00:00,21.02605096435547
2021-12-04 13:00:00,19.420330841064455
2021-12-04 14:00:00,19.701506370544436
2021-12-04 15:00:00,23.764095458984375
2021-12-04 16:00:00,24.1247099609375
2021-12-04 17:00:00,24.479680114746095
2021-12-04 18:00:00,22.98090496826172
2021-12-04 19:00:00,25.826814208984374
2021-12-04 20:00:00,26.98653268432617
2021-12-04 21:00:00,33.18849475097656
2021-12-04 22:00:00,32.997838256835934
2021-12-04 23:00:00,33.52843310546875
2021-12-05 00:00:00,36.59613684082031
2021-12-05 01:00:00,36.978032104492186
2021-12-05 02:00:00,38.28931262207031
2021-12-05 03:00:00,38.11272290039062
2021-12-05 04:00:00,38.183524658203126
2021-12-05 05:00:00,37.59494689941406
2021-12-05 06:00:00,34.61228283691406
2021-12-05 07:00:00,31.5095185546875
2021-12-05 08:00:00,27.783580841064456
2021-12-05 09:00:00,21.465621459960936
2021-12-05 10:00:00,17.68561265563965
2021-12-05 11:00:00,16.573576705932616
2021-12-05 12:00:00,13.663708480834961
2021-12-05 13:00:00,12.817689422607423
2021-12-05 14:00:00,10.887743476867676
2021-12-05 15:00:00,13.156169509887695
2021-12-05 16:00:00,16.27333093261719
2021-12-05 17:00:00,18.16181216430664
2021-12-05 18:00:00,19.58250210571289
2021-12-05 19:00:00,22.206587768554687
2021-12-05 20:00:00,23.23816891479492
2021-12-05 21:00:00,27.116740539550783
2021-12-05 22:00:00,32.22125610351563
2021-12-05 23:00:00,32.81925982666016
2021-12-06 00:00:00,35.7626748046875
2021-12-06 01:00:00,37.89361047363281
2021-12-06 02:00:00,39.90939398193359
2021-12-06 03:00:00,37.476522705078125
2021-12-06 04:00:00,37.671844848632816
2021-12-06 05:00:00,41.7102529296875
2021-12-06 06:00:00,38.64070837402343
2021-12-06 07:00:00,37.16673596191406
2021-12-06 08:00:00,36.03544549560547
2021-12-06 09:00:00,29.543697204589844
2021-12-06 10:00:00,22.66837448120117
2021-12-06 11:00:00,17.679171813964842
2021-12-06 12:00:00,15.869794830322267
2021-12-06 13:00:00,15.070103775024414
2021-12-06 14:00:00,14.062961441040038
2021-12-06 15:00:00,14.796107391357422
2021-12-06 16:00:00,20.21741259765625
2021-12-06 17:00:00,21.055455413818358
2021-12-06 18:00:00,24.863537002563476
2021-12-06 19:00:00,24.210504272460938
2021-12-06 20:00:00,26.5915556640625
2021-12-06 21:00:00,27.766719238281247
2021-12-06 22:00:00,31.01140121459961
2021-12-06 23:00:00,32.46339910888672
2021-12-07 00:00:00,34.569152282714846
2021-12-07 01:00:00,33.422506225585934
2021-12-07 02:00:00,33.30646069335937
2021-12-07 03:00:00,34.10227600097656
2021-12-07 04:00:00,39.659015624999995
2021-12-07 05:00:00,38.78011029052735
2021-12-07 06:00:00,36.81100476074219
2021-12-07 07:00:00,37.991903869628906
2021-12-07 08:00:00,34.83248095703125
2021-12-07 09:00:00,29.24103515625
2021-12-07 10:00:00,25.186673828125002
2021-12-07 11:00:00,20.39179934692383
2021-12-07 12:00:00,18.038570190429688
2021-12-07 13:00:00,14.66238835144043
2021-12-07 14:00:00,11.163393501281739
2021-12-07 15:00:00,13.20203614807129
2021-12-07 16:00:00,17.6017760925293
2021-12-07 17:00:00,18.654745635986327
2021-12-07 18:00:00,19.986550689697268
2021-12-07 19:00:00,20.954249603271485
2021-12-07 20:00:00,22.31787274169922
2021-12-07 21:00:00,26.223285766601563
2021-12-07 22:00:00,27.72078515625
2021-12-07 23:00:00,29.462523864746096
2021-12-08 00:00:00,30.73063311767578
2021-12-08 01:00:00,31.406999877929685
2021-12-08 02:00:00,33.937075744628906
2021-12-08 03:00:00,33.64507672119141
2021-12-08 04:00:00,34.06539831542969
2021-12-08 05:00:00,33.39080444335937
2021-12-08 06:00:00,27.59448596191406
2021-12-08 07:00:00,25.138215759277344
2021-12-08 08:00:00,23.45260339355469
2021-12-08 09:00:00,18.306005416870118
2021-12-08 10:00:00,15.665318634033204
2021-12-08 11:00:00,15.453422325134277
2021-12-08 12:00:00,15.047722091674803
2021-12-08 13:00:00,14.98366877746582
2021-12-08 14:00:00,15.697777572631836
2021-12-08 15:00:00,15.420450767517089
2021-12-08 16:00:00,15.483919525146485
2021-12-08 17:00:00,17.53787432861328
2021-12-08 18:00:00,20.518216339111326
2021-12-08 19:00:00,21.079284179687498
2021-12-08 20:00:00,23.458954162597657
2021-12-08 21:00:00,23.47062561035156
2021-12-08 22:00:00,24.07113018846512
2021-12-08 23:00:00,27.40174725341797
2021-12-09 00:00:00,28.657278350830076
2021-12-09 01:00:00,31.029538269042966
2021-12-09 02:00:00,34.95483581542969
2021-12-09 03:00:00,37.93182360839844
2021-12-09 04:00:00,37.977403015136716
2021-12-09 05:00:00,38.0043228149414
2021-12-09 06:00:00,37.60855212402344
2021-12-09 07:00:00,37.52834790039063
2021-12-09 08:00:00,34.42237646484375
2021-12-09 09:00:00,31.31213055419922
2021-12-09 10:00:00,23.363087982177735
2021-12-09 11:00:00,19.45757647705078
2021-12-09 12:00:00,15.91132363128662
2021-12-09 13:00:00,15.535814163208007
2021-12-09 14:00:00,14.380402183532714
2021-12-09 15:00:00,12.896461952209474
2021-12-09 16:00:00,17.712685287475587
2021-12-09 17:00:00,21.023393920898435
2021-12-09 18:00:00,24.379081115722656
2021-12-09 19:00:00,27.137729095458987
2021-12-09 20:00:00,29.568232055664062
2021-12-09 21:00:00,30.868117370605468
2021-12-09 22:00:00,33.3520971069336
2021-12-09 23:00:00,38.26709899902344
2021-12-10 00:00:00,37.21806726074219
2021-12-10 01:00:00,37.900724487304686
2021-12-10 02:00:00,36.24136596679688
2021-12-10 03:00:00,36.5648173828125
2021-12-10 04:00:00,38.5791162109375
2021-12-10 05:00:00,35.872239624023436
2021-12-10 06:00:00,33.97940881347657
2021-12-10 07:00:00,32.00032025146484
2021-12-10 08:00:00,29.99127410888672
2021-12-10 09:00:00,23.389556427001956
2021-12-10 10:00:00,19.624149520874024
2021-12-10 11:00:00,17.03586486816406
2021-12-10 12:00:00,16.397776077270507
2021-12-10 13:00:00,14.113665313720704
2021-12-10 14:00:00,12.102030275344848
2021-12-10 15:00:00,12.887405433654784
2021-12-10 16:00:00,15.497002918243407
2021-12-10 17:00:00,18.9641975402832
2021-12-10 18:00:00,22.332458862304687
2021-12-10 19:00:00,27.741153198242188
2021-12-10 20:00:00,28.327439514160154
2021-12-10 21:00:00,28.86052471923828
2021-12-10 22:00:00,34.09010473632813
2021-12-10 23:00:00,35.80393627929688
2021-12-11 00:00:00,39.6882470703125
2021-12-11 01:00:00,40.39213903808594
2021-12-11 02:00:00,42.08733239746094
2021-12-11 03:00:00,40.83421411132812
2021-12-11 04:00:00,42.489097778320314
2021-12-11 05:00:00,43.56696667480469
2021-12-11 06:00:00,40.170218750000004
2021-12-11 07:00:00,40.58534741210937
2021-12-11 08:00:00,37.49749932861328
2021-12-11 09:00:00,30.126780029296874
2021-12-11 10:00:00,22.516814046859743
2021-12-11 11:00:00,20.500327850341797
2021-12-11 12:00:00,18.09619868183136
2021-12-11 13:00:00,17.350900270462034
2021-12-11 14:00:00,16.142707359313967
2021-12-11 15:00:00,16.534513671875
2021-12-11 16:00:00,19.339606689453124
2021-12-11 17:00:00,19.851784332275393
2021-12-11 18:00:00,23.233251983642578
2021-12-11 19:00:00,27.027343170166013
2021-12-11 20:00:00,27.932298095703125
2021-12-11 21:00:00,32.63941436767578
2021-12-11 22:00:00,34.53040753173828
2021-12-11 23:00:00,35.87187451171875
2021-12-12 00:00:00,38.051952331542964
2021-12-12 01:00:00,38.61616436767578
2021-12-12 02:00:00,38.941339111328126
2021-12-12 03:00:00,39.60371594238281
2021-12-12 04:00:00,41.342340087890626
2021-12-12 05:00:00,40.87782061767578
2021-12-12 06:00:00,39.39717791748047
2021-12-12 07:00:00,37.93701672363281
2021-12-12 08:00:00,35.73202075195312
2021-12-12 09:00:00,28.822110595703126
2021-12-12 10:00:00,23.74529022216797
2021-12-12 11:00:00,20.380910888671874
2021-12-12 12:00:00,19.087320877075193
2021-12-12 13:00:00,18.955516372680663
2021-12-12 14:00:00,16.6671282043457
2021-12-12 15:00:00,16.11248422241211
2021-12-12 16:00:00,19.351332427978516
2021-12-12 17:00:00,22.025127502441407
2021-12-12 18:00:00,27.11871325683594
2021-12-12 19:00:00,27.53877313232422
2021-12-12 20:00:00,29.84520849609375
2021-12-12 21:00:00,35.941998901367185
2021-12-12 22:00:00,37.16098132324218
2021-12-12 23:00:00,38.49530841064453
2021-12-13 00:00:00,39.58037438964844
2021-12-13 01:00:00,41.45747998046875
2021-12-13 02:00:00,43.22021472167969
2021-12-13 03:00:00,43.524932983398436
2021-12-13 04:00:00,41.133168579101564
2021-12-13 05:00:00,41.83525708007812
2021-12-13 06:00:00,38.48686865234375
2021-12-13 07:00:00,37.25201599121094
2021-12-13 08:00:00,37.11979565429688
2021-12-13 09:00:00,34.46928784179687
2021-12-13 10:00:00,31.48436029052734
2021-12-13 11:00:00,25.698658813476563
2021-12-13 12:00:00,26.31834460449219
2021-12-13 13:00:00,24.585036651611325
2021-12-13 14:00:00,21.132128967285155
2021-12-13 15:00:00,24.20490367126465
2021-12-13 16:00:00,26.7322890625
2021-12-13 17:00:00,27.954890747070312
2021-12-13 18:00:00,27.426401367187502
2021-12-13 19:00:00,26.849148223876952
2021-12-13 20:00:00,28.543755981445315
2021-12-13 21:00:00,30.586357482910156
2021-12-13 22:00:00,33.00868292236328
2021-12-13 23:00:00,33.70665618896484
2021-12-14 00:00:00,35.21655615234375
2021-12-14 01:00:00,37.43211755371094
2021-12-14 02:00:00,38.26055651855469
2021-12-14 03:00:00,37.4150126953125
2021-12-14 04:00:00,37.655302368164065
2021-12-14 05:00:00,37.945908203125
2021-12-14 06:00:00,34.31434802246094
2021-12-14 07:00:00,34.441591918945306
2021-12-14 08:00:00,32.386605285644535
2021-12-14 09:00:00,32.06141961669922
2021-12-14 10:00:00,31.160300903320312
2021-12-14 11:00:00,25.04241128540039
2021-12-14 12:00:00,29.88021710205078
2021-12-14 13:00:00,27.681604919433596
2021-12-14 14:00:00,28.706453735351563
2021-12-14 15:00:00,29.437913024902343
2021-12-14 16:00:00,30.436732177734374
2021-12-14 17:00:00,28.346144165039064
2021-12-14 18:00:00,29.273800415039062
2021-12-14 19:00:00,29.411614379882813
2021-12-14 20:00:00,31.030074584960936
2021-12-14 21:00:00,29.25316864013672
2021-12-14 22:00:00,31.62550128173828
2021-12-14 23:00:00,32.02153411865234
2021-12-15 00:00:00,35.85684124755859
2021-12-15 01:00:00,36.59364599609375
2021-12-15 02:00:00,36.89073461914063
2021-12-15 03:00:00,37.25434069824219
2021-12-15 04:00:00,35.78893908691406
2021-12-15 05:00:00,36.672538085937504
2021-12-15 06:00:00,33.02486486816406
2021-12-15 07:00:00,30.679538818359376
2021-12-15 08:00:00,30.403718200683592
2021-12-15 09:00:00,26.49294415283203
2021-12-15 10:00:00,25.26873986816406
2021-12-15 11:00:00,25.03580322265625
2021-12-15 12:00:00,23.326803161621093
2021-12-15 13:00:00,22.910959045410156
2021-12-15 14:00:00,23.975827331542966
2021-12-15 15:00:00,24.316233581542967
2021-12-15 16:00:00,25.00206573486328
2021-12-15 17:00:00,26.28486395263672
2021-12-15 18:00:00,28.92514520263672
2021-12-15 19:00:00,31.204064453125
2021-12-15 20:00:00,32.1244521484375
2021-12-15 21:00:00,33.038296020507815
2021-12-15 22:00:00,35.67409631347656
2021-12-15 23:00:00,37.930408325195316
2021-12-16 00:00:00,38.95554119873047
2021-12-16 01:00:00,40.752908203125
2021-12-16 02:00:00,43.051481323242186
2021-12-16 03:00:00,43.29066784667969
2021-12-16 04:00:00,43.49668774414062
2021-12-16 05:00:00,42.47306378173828
2021-12-16 06:00:00,39.2312900390625
2021-12-16 07:00:00,37.34624652099609
2021-12-16 08:00:00,36.98873486328125
2021-12-16 09:00:00,33.21035723876953
2021-12-16 10:00:00,31.31690924072266
2021-12-16 11:00:00,27.931279663085938
2021-12-16 12:00:00,25.40852648925781
2021-12-16 13:00:00,21.513241165161133
2021-12-16 14:00:00,20.558632095336915
2021-12-16 15:00:00,20.841411262512207
2021-12-16 16:00:00,24.492192382812497
2021-12-16 17:00:00,27.18909826660156
2021-12-16 18:00:00,30.247163940429687
2021-12-16 19:00:00,30.323180114746094
2021-12-16 20:00:00,33.74678112792969
2021-12-16 21:00:00,35.99469555664062
2021-12-16 22:00:00,37.08027624511719
2021-12-16 23:00:00,40.02831683349609
2021-12-17 00:00:00,39.16912487792969
2021-12-17 01:00:00,39.54287927246094
2021-12-17 02:00:00,39.85233605957031
2021-12-17 03:00:00,40.55876123046875
2021-12-17 04:00:00,42.425943237304686
2021-12-17 05:00:00,41.8325654296875
2021-12-17 06:00:00,36.950330078125
2021-12-17 07:00:00,37.02481884765625
2021-12-17 08:00:00,36.982905639648436
2021-12-17 09:00:00,32.60455297851563
2021-12-17 10:00:00,31.116657348632813
2021-12-17 11:00:00,30.32448614501953
2021-12-17 12:00:00,28.537746643066406
2021-12-17 13:00:00,25.470525939941407
2021-12-17 14:00:00,26.04485900878906
2021-12-17 15:00:00,25.764439819335937
2021-12-17 16:00:00,26.116812438964843
2021-12-17 17:00:00,27.817475036621094
2021-12-17 18:00:00,29.82845050048828
2021-12-17 19:00:00,30.179307495117186
2021-12-17 20:00:00,31.853039001464843
2021-12-17 21:00:00,33.390086700439454
2021-12-17 22:00:00,35.79251513671875
2021-12-17 23:00:00,37.55503295898438
2021-12-18 00:00:00,42.15272521972656
2021-12-18 01:00:00,40.86243395996094
2021-12-18 02:00:00,39.882486450195316
2021-12-18 03:00:00,42.739226928710934
2021-12-18 04:00:00,41.478791992187496
2021-12-18 05:00:00,43.266223266601564
2021-12-18 06:00:00,41.47300366210938
2021-12-18 07:00:00,42.52166528320313
2021-12-18 08:00:00,38.868471557617184
2021-12-18 09:00:00,31.975092407226562
2021-12-18 10:00:00,28.458917083740232
2021-12-18 11:00:00,25.929603088378904
2021-12-18 12:00:00,24.30788650512695
2021-12-18 13:00:00,23.265837921142577
2021-12-18 14:00:00,21.127090465545656
2021-12-18 15:00:00,21.958809509277344
2021-12-18 16:00:00,25.63579458618164
2021-12-18 17:00:00,27.624887634277343
2021-12-18 18:00:00,30.645029266357422
2021-12-18 19:00:00,32.94019885253906
2021-12-18 20:00:00,35.1783931274414
2021-12-18 21:00:00,37.643274169921874
2021-12-18 22:00:00,38.71795153808594
2021-12-18 23:00:00,41.78538781738281
2021-12-19 00:00:00,42.487724975585934
2021-12-19 01:00:00,41.31747106933594
2021-12-19 02:00:00,42.95622705078125
2021-12-19 03:00:00,40.02581188964844
2021-12-19 04:00:00,40.00381262207031
2021-12-19 05:00:00,38.784698120117184
2021-12-19 06:00:00,33.95822454833984
2021-12-19 07:00:00,34.59237493896484
2021-12-19 08:00:00,34.39201226806641
2021-12-19 09:00:00,33.09094775390625
2021-12-19 10:00:00,30.493183959960938
2021-12-19 11:00:00,29.014614501953126
2021-12-19 12:00:00,29.623235595703125
2021-12-19 13:00:00,30.155781494140626
2021-12-19 14:00:00,29.437393249511718
2021-12-19 15:00:00,30.114901611328126
2021-12-19 16:00:00,31.664756591796873
2021-12-19 17:00:00,31.60950421142578
2021-12-19 18:00:00,31.009058395385743
2021-12-19 19:00:00,33.53724279785156
2021-12-19 20:00:00,34.54120556640625
2021-12-19 21:00:00,35.986234802246095
2021-12-19 22:00:00,39.18680407714844
2021-12-19 23:00:00,41.527137573242186
2021-12-20 00:00:00,42.75517651367187
2021-12-20 01:00:00,44.21814282226562
2021-12-20 02:00:00,44.72311462402344
2021-12-20 03:00:00,44.618886352539064
2021-12-20 04:00:00,44.802868041992184
2021-12-20 05:00:00,45.119994262695315
2021-12-20 06:00:00,40.69768530273438
2021-12-20 07:00:00,41.03203381347656
2021-12-20 08:00:00,39.924990600585936
2021-12-20 09:00:00,35.39682263183594
2021-12-20 10:00:00,32.74313842773438
2021-12-20 11:00:00,28.130076782226563
2021-12-20 12:00:00,27.828525848388672
2021-12-20 13:00:00,28.93147399902344
2021-12-20 14:00:00,24.81065594482422
2021-12-20 15:00:00,24.95420147705078
2021-12-20 16:00:00,28.76347314453125
2021-12-20 17:00:00,31.965797576904297
2021-12-20 18:00:00,36.8211103515625
2021-12-20 19:00:00,37.05409020996093
2021-12-20 20:00:00,38.52018688964844
2021-12-20 21:00:00,40.13252941894531
2021-12-20 22:00:00,41.991230346679686
2021-12-20 23:00:00,43.24315124511719
2021-12-21 00:00:00,43.1892607421875
2021-12-21 01:00:00,44.41513903808594
2021-12-21 02:00:00,44.2069248046875
2021-12-21 03:00:00,44.31721032714844
2021-12-21 04:00:00,44.41561840820313
2021-12-21 05:00:00,44.08499353027344
2021-12-21 06:00:00,40.36840002441406
2021-12-21 07:00:00,40.454646484375004
2021-12-21 08:00:00,39.57417065429688
2021-12-21 09:00:00,37.23760571289063
2021-12-21 10:00:00,36.73833654785156
2021-12-21 11:00:00,33.38823944091797
2021-12-21 12:00:00,32.269921875
2021-12-21 13:00:00,32.908259582519534
2021-12-21 14:00:00,33.495475097656254
2021-12-21 15:00:00,34.514113037109375
2021-12-21 16:00:00,32.63122351074219
2021-12-21 17:00:00,32.987880859375
2021-12-21 18:00:00,31.98482781982422
2021-12-21 19:00:00,32.0780228881836
2021-12-21 20:00:00,34.08935583496094
2021-12-21 21:00:00,33.671504028320314
2021-12-21 22:00:00,34.119250366210935
2021-12-21 23:00:00,34.352954223632814
2021-12-22 00:00:00,34.80086633300781
2021-12-22 01:00:00,35.130326171875
2021-12-22 02:00:00,34.64279418945313
2021-12-22 03:00:00,33.872885559082036
2021-12-22 04:00:00,35.01904406738281
2021-12-22 05:00:00,34.639983764648434
2021-12-22 06:00:00,30.396942138671875
2021-12-22 07:00:00,29.03400762939453
2021-12-22 08:00:00,28.348162536621096
2021-12-22 09:00:00,25.368527770996096
2021-12-22 10:00:00,23.944205383300783
2021-12-22 11:00:00,22.886893005371093
2021-12-22 12:00:00,20.893008514404297
2021-12-22 13:00:00,20.647832138061524
2021-12-22 14:00:00,19.882132690429685
2021-12-22 15:00:00,20.045329193115236
2021-12-22 16:00:00,20.57678140258789
2021-12-22 17:00:00,21.975573547363283
2021-12-22 18:00:00,22.69201416015625
2021-12-22 19:00:00,23.00174035644531
2021-12-22 20:00:00,24.524339721679688
2021-12-22 21:00:00,27.896716430664064
2021-12-22 22:00:00,28.19908184814453
2021-12-22 23:00:00,26.09389221191406
2021-12-23 00:00:00,26.549953063964843
2021-12-23 01:00:00,26.70927862548828
2021-12-23 02:00:00,26.07264566040039
2021-12-23 03:00:00,24.98390396118164
2021-12-23 04:00:00,24.96988250732422
2021-12-23 05:00:00,25.179933654785156
2021-12-23 06:00:00,21.899129547119138
2021-12-23 07:00:00,20.25914877319336
2021-12-23 08:00:00,20.76005401611328
2021-12-23 09:00:00,20.108483093261718
2021-12-23 10:00:00,16.25731704711914
2021-12-23 11:00:00,12.225453308105468
2021-12-23 12:00:00,10.305203844070434
2021-12-23 13:00:00,11.272581359863281
2021-12-23 14:00:00,9.870820037841796
2021-12-23 15:00:00,11.779407089233398
2021-12-23 16:00:00,14.504667449951171
2021-12-23 17:00:00,16.207082561492918
2021-12-23 18:00:00,17.36907110595703
2021-12-23 19:00:00,20.651298828125
2021-12-23 20:00:00,20.861051147460937
2021-12-23 21:00:00,23.4441572265625
2021-12-23 22:00:00,23.5951728515625
2021-12-23 23:00:00,25.0985126953125
2021-12-24 00:00:00,24.434398162841795
2021-12-24 01:00:00,21.949605773925782
2021-12-24 02:00:00,22.44140417480469
2021-12-24 03:00:00,22.319688476562497
2021-12-24 04:00:00,22.378371826171875
2021-12-24 05:00:00,23.146800384521484
2021-12-24 06:00:00,22.68911178588867
2021-12-24 07:00:00,20.920277847290038
2021-12-24 08:00:00,21.77382037353516
2021-12-24 09:00:00,18.677303436279296
2021-12-24 10:00:00,17.280544555664065
2021-12-24 11:00:00,12.707112899780274
2021-12-24 12:00:00,9.495791397094727
2021-12-24 13:00:00,9.977641502380372
2021-12-24 14:00:00,11.692414764404298
2021-12-24 15:00:00,11.028582977294922
2021-12-24 16:00:00,13.123996307373046
2021-12-24 17:00:00,14.998625869750978
2021-12-24 18:00:00,15.656161422729493
2021-12-24 19:00:00,15.649192291259766
2021-12-24 20:00:00,16.90547734069824
2021-12-24 21:00:00,17.6058109664917
2021-12-24 22:00:00,18.82757371520996
2021-12-24 23:00:00,20.021887603759765
2021-12-25 00:00:00,22.86435388183594
2021-12-25 01:00:00,23.051761169433597
2021-12-25 02:00:00,22.151245605468752
2021-12-25 03:00:00,21.80905987548828
2021-12-25 04:00:00,23.4136471862793
2021-12-25 05:00:00,24.42755133056641
2021-12-25 06:00:00,20.508164672851564
2021-12-25 07:00:00,17.697406738281252
2021-12-25 08:00:00,18.088899307250976
2021-12-25 09:00:00,16.56570913696289
2021-12-25 10:00:00,13.505260665893555
2021-12-25 11:00:00,12.917775375366212
2021-12-25 12:00:00,12.222238235473633
2021-12-25 13:00:00,12.711572448730468
2021-12-25 14:00:00,12.66213331604004
2021-12-25 15:00:00,12.64572383594513
2021-12-25 16:00:00,13.439883880615234
2021-12-25 17:00:00,15.411587280273437
2021-12-25 18:00:00,15.805926910400391
2021-12-25 19:00:00,18.050463439941407
2021-12-25 20:00:00,19.54194567871094
2021-12-25 21:00:00,21.637478576660158
2021-12-25 22:00:00,21.844910736083985
2021-12-25 23:00:00,22.801460327148437
2021-12-26 00:00:00,24.697933013916014
2021-12-26 01:00:00,25.35272110748291
2021-12-26 02:00:00,28.11210256958008
2021-12-26 03:00:00,29.539519592285156
2021-12-26 04:00:00,32.4950523071289
2021-12-26 05:00:00,31.470582641601563
2021-12-26 06:00:00,30.579004791259763
2021-12-26 07:00:00,32.83965295410157
2021-12-26 08:00:00,34.918393676757816
2021-12-26 09:00:00,31.032458984374998
2021-12-26 10:00:00,24.440817504882812
2021-12-26 11:00:00,20.52307403564453
2021-12-26 12:00:00,15.589274703979491
2021-12-26 13:00:00,15.550126647949218
2021-12-26 14:00:00,15.721904602050781
2021-12-26 15:00:00,17.892441268920898
2021-12-26 16:00:00,19.157259262084963
2021-12-26 17:00:00,22.99853338623047
2021-12-26 18:00:00,25.102116790771483
2021-12-26 19:00:00,28.9796103515625
2021-12-26 20:00:00,27.778149780273438
2021-12-26 21:00:00,28.69609994506836
2021-12-26 22:00:00,27.90429705810547
2021-12-26 23:00:00,30.281388336181642
2021-12-27 00:00:00,26.98034683227539
2021-12-27 01:00:00,27.35629919433594
2021-12-27 02:00:00,26.824829345703126
2021-12-27 03:00:00,27.738010620117187
2021-12-27 04:00:00,27.74563934326172
2021-12-27 05:00:00,28.83811993408203
2021-12-27 06:00:00,26.678434753417967
2021-12-27 07:00:00,27.047298069000245
2021-12-27 08:00:00,28.041476867675783
2021-12-27 09:00:00,27.681313354492186
2021-12-27 10:00:00,26.881599456787107
2021-12-27 11:00:00,23.260486450195312
2021-12-27 12:00:00,21.851300384521483
2021-12-27 13:00:00,22.41364245605469
2021-12-27 14:00:00,18.99402919006348
2021-12-27 15:00:00,21.634476768493652
2021-12-27 16:00:00,22.695418395996093
2021-12-27 17:00:00,26.862355125427246
2021-12-27 18:00:00,25.3424482421875
2021-12-27 19:00:00,28.49390740966797
2021-12-27 20:00:00,31.46449951171875
2021-12-27 21:00:00,32.697279296874996
2021-12-27 22:00:00,33.81293310546875
2021-12-27 23:00:00,37.054420104980466
2021-12-28 00:00:00,39.89515380859375
2021-12-28 01:00:00,43.57053015136719
2021-12-28 02:00:00,41.92245239257812
2021-12-28 03:00:00,47.92483471679687
2021-12-28 04:00:00,45.503823608398434
2021-12-28 05:00:00,47.07274462890625
2021-12-28 06:00:00,45.334401489257814
2021-12-28 07:00:00,44.36890734863282
2021-12-28 08:00:00,43.844650024414065
2021-12-28 09:00:00,38.67451171875
2021-12-28 10:00:00,31.225503997802733
2021-12-28 11:00:00,23.578406494140626
2021-12-28 12:00:00,22.62652931213379
2021-12-28 13:00:00,26.060340118408202
2021-12-28 14:00:00,23.963596008300783
2021-12-28 15:00:00,22.287722259521487
2021-12-28 16:00:00,22.913119995117185
2021-12-28 17:00:00,24.384906494140623
2021-12-28 18:00:00,22.787019104003903
2021-12-28 19:00:00,23.51254748535156
2021-12-28 20:00:00,25.811792114257813
2021-12-28 21:00:00,26.922743225097655
2021-12-28 22:00:00,28.117506835937498
2021-12-28 23:00:00,28.69182208251953
2021-12-29 00:00:00,28.968030151367188
2021-12-29 01:00:00,29.301074279785155
2021-12-29 02:00:00,29.257272521972656
2021-12-29 03:00:00,29.80565576171875
2021-12-29 04:00:00,29.98757147216797
2021-12-29 05:00:00,34.165626647949225
2021-12-29 06:00:00,30.780606872558593
2021-12-29 07:00:00,32.880775146484375
2021-12-29 08:00:00,30.230475524902346
2021-12-29 09:00:00,27.872740783691405
2021-12-29 10:00:00,26.93896594238281
2021-12-29 11:00:00,25.080186157226564
2021-12-29 12:00:00,20.943512970447543
2021-12-29 13:00:00,19.88573550415039
2021-12-29 14:00:00,20.215447662353515
2021-12-29 15:00:00,21.302806427001954
2021-12-29 16:00:00,24.884151245117188
2021-12-29 17:00:00,25.962435485839844
2021-12-29 18:00:00,25.30493850708008
2021-12-29 19:00:00,25.364866638183592
2021-12-29 20:00:00,28.227066833496096
2021-12-29 21:00:00,29.48210919189453
2021-12-29 22:00:00,30.19959698486328
2021-12-29 23:00:00,30.777281005859372
2021-12-30 00:00:00,30.985186401367187
2021-12-30 01:00:00,31.241521484375
2021-12-30 02:00:00,29.517721862792968
2021-12-30 03:00:00,31.47634216308594
2021-12-30 04:00:00,31.55779260253906
2021-12-30 05:00:00,29.594274475097656
2021-12-30 06:00:00,27.24011419677734
2021-12-30 07:00:00,24.707464141845705
2021-12-30 08:00:00,22.714087493896486
2021-12-30 09:00:00,22.29340707397461
2021-12-30 10:00:00,22.667231414794923
2021-12-30 11:00:00,20.525534545898438
2021-12-30 12:00:00,17.684867965698242
2021-12-30 13:00:00,15.827290290832519
2021-12-30 14:00:00,12.572958003997803
2021-12-30 15:00:00,12.957911193847657
2021-12-30 16:00:00,15.880909133911132
2021-12-30 17:00:00,17.014441833496093
2021-12-30 18:00:00,18.223714385986327
2021-12-30 19:00:00,20.7329697265625
2021-12-30 20:00:00,22.941992950439452
2021-12-30 21:00:00,23.80852880859375
2021-12-30 22:00:00,24.330082558631894
2021-12-30 23:00:00,26.511034606933592
2021-12-31 00:00:00,28.18067626953125
2021-12-31 01:00:00,24.311367134094237
2021-12-31 02:00:00,25.926092163085936
2021-12-31 03:00:00,24.7788330078125
2021-12-31 04:00:00,24.976640625
2021-12-31 05:00:00,23.68746569824219
2021-12-31 06:00:00,22.910931701660154
2021-12-31 07:00:00,22.11857342529297
2021-12-31 08:00:00,21.151665283203126
2021-12-31 09:00:00,18.746391708374023
2021-12-31 10:00:00,14.12200357055664
2021-12-31 11:00:00,11.543463302612304
2021-12-31 12:00:00,9.541103839874268
2021-12-31 13:00:00,8.775769844055176
2021-12-31 14:00:00,6.098872120380402
2021-12-31 15:00:00,9.164421096801757
2021-12-31 16:00:00,12.736464981079102
2021-12-31 17:00:00,13.258297317504883
2021-12-31 18:00:00,15.92678057861328
2021-12-31 19:00:00,16.66640625
2021-12-31 20:00:00,20.70761636352539
2021-12-31 21:00:00,24.439247634887693
2021-12-31 22:00:00,22.983707916259768
2021-12-31 23:00:00,25.889067834854124
2022-01-01 00:00:00,22.988942775726315
